"Haus";"Registerstatus";"Region";"Zugehörigkeit";"Illustrationen";"Status";"Stammbaum";"Hinweis"
"An’Bhaird";"Eigenes Register";"Ceitheach";"Ceitheach · Tir na Toraidh · Lochmorach";"1";"Vorhanden";"Stammbäume/Stammbaum.html?family=haus-an-bhaird&mode=view";""
"An’Iomrach";"Eigenes Register";"Leitheach";"Leitheach · Tir na Gortanna · Herrschaft von Broch an Clais · Broch an Clais";"";"Illustration fehlt";"Stammbäume/Stammbaum.html?family=haus-iomrach&mode=view";""
"An’Morchoe";"Eigenes Register";"Ceitheach";"Ceitheach · Tir na Ceo · Sruthbruach";"1";"Vorhanden";"Stammbäume/Stammbaum.html?family=haus-an-morchoe&mode=view";""
"Ard Frisealach";"Eigenes Register";"Leitheach";"Leitheach · Tir na Gortanna · Lehensherrschaft der Ard Frisealach · Lasbun";"";"Illustration fehlt";"Stammbäume/Stammbaum.html?family=haus-frisealach&mode=view";""
"Ard Trodach";"Eigenes Register";"Leitheach";"Leitheach · Tir na Gortanna · Lochansail";"";"Illustration fehlt";"Stammbäume/Stammbaum.html?family=haus-ard-trodach&mode=view";""
"Clan Albholz";"Eigenes Register";"Aldrimar";"Aldrimar · Kronental · Jarltümliche Herrschaft – Tal der Helden · Heldenwacht";"1";"Vorhanden";"Stammbäume/Stammbaum.html?family=haus-albholz&mode=view";""
"Clan Allella";"Im Stammbaum erwähnt";"Nur im Stammbaum erwähnt";"Keine eigenständige Registerzuordnung";"";"Illustration fehlt";"Stammbäume/Stammbaum.html?family=haus-vragi&mode=view";""
"Clan Ard Dubglais";"Im Stammbaum erwähnt";"Nur im Stammbaum erwähnt";"Keine eigenständige Registerzuordnung";"";"Illustration fehlt";"Stammbäume/Stammbaum.html?family=haus-varulv&mode=view";""
"Clan Arnvild";"Eigenes Register";"Aldrimar";"Aldrimar · Schwarzfenn · Ausgestorbene Clans · Aldrimarer (jüngst ausradiert)";"";"Illustration fehlt";"Stammbäume/Stammbaum.html?family=haus-arnvild&mode=view";""
"Clan Aurangr";"Eigenes Register";"Aldrimar";"Aldrimar · Krähenmoor · Jarltümliche Herrschaft von Nebelmoor · Moortal";"";"Illustration fehlt";"Stammbäume/Stammbaum.html?family=haus-aurangr&mode=view";""
"Clan Bärenherz";"Eigenes Register";"Aldrimar";"Aldrimar · Roriksheim · Rorikstal · Rorikshall";"";"Illustration fehlt";"Stammbäume/Stammbaum.html?family=haus-baerenherz&mode=view";""
"Clan Bjarnvarg";"Eigenes Register";"Aldrimar";"Aldrimar · Kronental · Jarltümliche Herrschaft – Tal der Helden · Heldenwacht";"";"Illustration fehlt";"Stammbäume/Stammbaum.html?family=haus-bjarnvarg&mode=view";""
"Clan Bjornskar";"Eigenes Register";"Aldrimar";"Aldrimar · Roriksheim · Ausgestorbene Clans · Norrnaigh (Nordmänner)";"";"Illustration fehlt";"Stammbäume/Stammbaum.html?family=haus-bjornskar&mode=view";""
"Clan Blutdorn";"Eigenes Register";"Aldrimar";"Aldrimar · Roriksheim · Rorikstal · Rorikshall";"";"Illustration fehlt";"Stammbäume/Stammbaum.html?family=haus-blutdorn&mode=view";""
"Clan Blutstahl";"Eigenes Register";"Aldrimar";"Aldrimar · Krähenmoor · Thanentum Schimmerküste · Silberquell";"";"Illustration fehlt";"Stammbäume/Stammbaum.html?family=haus-blutstahl&mode=view";""
"Clan Bogenhand";"Eigenes Register";"Aldrimar";"Aldrimar · Roriksheim · Rorikstal · Rorikshall";"";"Illustration fehlt";"Stammbäume/Stammbaum.html?family=haus-bogenhand&mode=view";""
"Clan Brackwasser";"Eigenes Register";"Aldrimar";"Aldrimar · Krähenmoor · Jarltümliche Herrschaft von Nebelmoor · Moortal";"";"Illustration fehlt";"Stammbäume/Stammbaum.html?family=haus-brackwasser&mode=view";""
"Clan Brathaireann";"Eigenes Register";"Cenyr";"Cenyr · Graue Weite · Antike Crannath Clans · Mor Mhachair";"";"Illustration fehlt";"Stammbäume/Stammbaum.html?family=haus-brathaireann&mode=view";""
"Clan Brathfengr";"Eigenes Register";"Aldrimar";"Aldrimar · Roriksheim · Skaldenheim · Klangheim";"";"Illustration fehlt";"Stammbäume/Stammbaum.html?family=haus-brathfengr&mode=view";""
"Clan Cruithenaech";"Eigenes Register";"Cenyr";"Cenyr · Ährental · Antike Crannath Clans · Dun Clachrath";"";"Illustration fehlt";"Stammbäume/Stammbaum.html?family=haus-cruithenaech&mode=view";""
"Clan Culloch";"Im Stammbaum erwähnt";"Nur im Stammbaum erwähnt";"Keine eigenständige Registerzuordnung";"";"Illustration fehlt";"Stammbäume/Stammbaum.html?family=haus-wellenschild&mode=view";""
"Clan Dál’Ceardaíocht";"Eigenes Register";"Leitheach";"Leitheach · Tir na Sinsear · Lehnsherrschaft der Fir An’Gallchobhair · Dun Laog";"";"Illustration fehlt";"Stammbäume/Stammbaum.html?family=haus-dal-ceardaiocht&mode=view";""
"Clan Dál’Cruthin";"Eigenes Register";"Leitheach";"Leitheach · Tir na Gortanna · Lochansail";"";"Illustration fehlt";"Stammbäume/Stammbaum.html?family=haus-dal-cruthin&mode=view";""
"Clan Dal’Leite";"Eigenes Register";"Ceitheach";"Ceitheach · Tir na Dun · Greinmhar";"1";"Vorhanden";"Stammbäume/Stammbaum.html?family=haus-dal-leite&mode=view";""
"Clan Dämmerrufer";"Eigenes Register";"Aldrimar";"Aldrimar · Kronental · Jarltümliche Herrschaft – Tal der Helden · Heldenwacht";"";"Illustration fehlt";"Stammbäume/Stammbaum.html?family=haus-daemmerrufer&mode=view";""
"Clan Diud";"Im Stammbaum erwähnt";"Nur im Stammbaum erwähnt";"Keine eigenständige Registerzuordnung";"";"Illustration fehlt";"Stammbäume/Stammbaum.html?family=haus-frostauge&mode=view";""
"Clan Donnerblut";"Eigenes Register";"Aldrimar";"Aldrimar · Kronental · Jarltümliche Herrschaft – Tal der Helden · Heldenwacht";"";"Illustration fehlt";"Stammbäume/Stammbaum.html?family=haus-donnerblut&mode=view";""
"Clan Dornach";"Eigenes Register";"Cenyr";"Cenyr · Graue Weite · Antike Crannath Clans · Ard Ghallon";"";"Illustration fehlt";"Stammbäume/Stammbaum.html?family=haus-dornach&mode=view";""
"Clan Dornacker";"Eigenes Register";"Aldrimar";"Aldrimar · Roriksheim · Rorikstal · Rorikshall";"";"Illustration fehlt";"Stammbäume/Stammbaum.html?family=haus-dornacker&mode=view";""
"Clan Drummond";"Im Stammbaum erwähnt";"Nur im Stammbaum erwähnt";"Keine eigenständige Registerzuordnung";"1";"Vorhanden";"Stammbäume/Stammbaum.html?family=haus-kampfgeborene&mode=view";""
"Clan Dubhan";"Eigenes Register";"Faelaorn";"Faelaorn · Tir na Brann · Tir na Fuil · Caer Dubhan";"";"Illustration fehlt";"Stammbäume/Stammbaum.html?family=haus-dubhan&mode=view";""
"Clan Dubhfenn";"Im Stammbaum erwähnt";"Nur im Stammbaum erwähnt";"Keine eigenständige Registerzuordnung";"";"Illustration fehlt";"Stammbäume/Stammbaum.html?family=haus-ragnulf&mode=view";""
"Clan Durthacht";"Im Stammbaum erwähnt";"Nur im Stammbaum erwähnt";"Keine eigenständige Registerzuordnung";"";"Illustration fehlt";"Stammbäume/Stammbaum.html?family=haus-freiwinter&mode=view";""
"Clan Eibenschild";"Eigenes Register";"Aldrimar";"Aldrimar · Kronental · Klageschild-Inseln · Vagaborg";"";"Illustration fehlt";"Stammbäume/Stammbaum.html?family=haus-eibenschild&mode=view";""
"Clan Eisenbieger";"Eigenes Register";"Aldrimar";"Aldrimar · Kronental · Jarltümliche Herrschaft – Tal der Helden · Heldenwacht";"";"Illustration fehlt";"Stammbäume/Stammbaum.html?family=haus-eisenbieger&mode=view";""
"Clan Eisenjungfer";"Eigenes Register";"Aldrimar";"Aldrimar · Roriksheim · Skaldenheim · Klangheim";"";"Illustration fehlt";"Stammbäume/Stammbaum.html?family=haus-eisenjungfer&mode=view";""
"Clan Eisensang";"Im Stammbaum erwähnt";"Nur im Stammbaum erwähnt";"Keine eigenständige Registerzuordnung";"";"Illustration fehlt";"Stammbäume/Stammbaum.html?family=haus-wellensaenger&mode=view";""
"Clan Fenngrim";"Eigenes Register";"Aldrimar";"Aldrimar · Krähenmoor · Jarltümliche Herrschaft von Nebelmoor · Moortal";"";"Illustration fehlt";"Stammbäume/Stammbaum.html?family=haus-fenngrim&mode=view";""
"Clan Feuerhaar";"Eigenes Register";"Aldrimar";"Aldrimar · Ivarsheim · Rothain · Jägersruh";"";"Illustration fehlt";"Stammbäume/Stammbaum.html?family=haus-feuerhaar&mode=view";""
"Clan Feuerherz";"Eigenes Register";"Aldrimar";"Aldrimar · Krähenmoor · Jarltümliche Herrschaft von Nebelmoor · Moortal";"";"Illustration fehlt";"Stammbäume/Stammbaum.html?family=haus-feuerherz&mode=view";""
"Clan Fiachraoin";"Eigenes Register";"Cenyr";"Cenyr · Vortigerns Ruh · Antike Häuser · Antikes Calon";"";"Illustration fehlt";"Stammbäume/Stammbaum.html?family=haus-fiachraoin&mode=view";""
"Clan Fiadhrach";"Eigenes Register";"Aldrimar";"Aldrimar · Roriksheim · Ausgestorbene Clans · Glaennath (Alben)";"";"Illustration fehlt";"Stammbäume/Stammbaum.html?family=haus-fiadhrach&mode=view";""
"Clan Fir An’Tarvo";"Eigenes Register";"Leitheach";"Leitheach · Tir na Tonn · Dun Rothar";"";"Illustration fehlt";"Stammbäume/Stammbaum.html?family=haus-fir-an-tarvo&mode=view";""
"Clan Flammenschritt";"Eigenes Register";"Aldrimar";"Aldrimar · Roriksheim · Skaldenheim · Klangheim";"";"Illustration fehlt";"Stammbäume/Stammbaum.html?family=haus-flammenschritt&mode=view";""
"Clan Forsyth";"Im Stammbaum erwähnt";"Nur im Stammbaum erwähnt";"Keine eigenständige Registerzuordnung";"2";"Vorhanden";"Stammbäume/Stammbaum.html?family=haus-riesentod&mode=view";""
"Clan Freiwinter";"Eigenes Register";"Aldrimar";"Aldrimar · Roriksheim · Rorikstal · Winterfänge · Wolfswacht";"";"Illustration fehlt";"Stammbäume/Stammbaum.html?family=haus-freiwinter&mode=view";""
"Clan Frostauge";"Eigenes Register";"Aldrimar";"Aldrimar · Kronental · Jarltümliche Herrschaft – Tal der Helden · Heldenwacht";"";"Illustration fehlt";"Stammbäume/Stammbaum.html?family=haus-frostauge&mode=view";""
"Clan Frostzorn";"Eigenes Register";"Aldrimar";"Aldrimar · Kronental · Abtrünnige Clans · Sirenen-Zahn-Riff-Inselgruppe · Vintrefjord";"";"Illustration fehlt";"Stammbäume/Stammbaum.html?family=haus-frostzorn&mode=view";""
"Clan Goldglanz";"Eigenes Register";"Aldrimar";"Aldrimar · Krähenmoor · Thanentum Schimmerküste · Silberquell";"";"Illustration fehlt";"Stammbäume/Stammbaum.html?family=haus-goldglanz&mode=view";""
"Clan Goldhand";"Eigenes Register";"Aldrimar";"Aldrimar · Krähenmoor · Jarltümliche Herrschaft von Nebelmoor · Moortal";"";"Illustration fehlt";"Stammbäume/Stammbaum.html?family=haus-goldhand&mode=view";""
"Clan Goldschwur";"Eigenes Register";"Aldrimar";"Aldrimar · Krähenmoor · Jarltümliche Herrschaft von Nebelmoor · Moortal";"";"Illustration fehlt";"Stammbäume/Stammbaum.html?family=haus-goldschwur&mode=view";""
"Clan Goldzunge";"Eigenes Register";"Aldrimar";"Aldrimar · Krähenmoor · Jarltümliche Herrschaft von Nebelmoor · Moortal";"";"Illustration fehlt";"Stammbäume/Stammbaum.html?family=haus-goldzunge&mode=view";""
"Clan Graumähne";"Eigenes Register";"Aldrimar";"Aldrimar · Schwarzfenn · Wolfsfenn · Wolfsklamm";"";"Illustration fehlt";"Stammbäume/Stammbaum.html?family=haus-graumahne&mode=view";""
"Clan Grendel";"Eigenes Register";"Aldrimar";"Aldrimar · Ivarsheim · Klippenschlag · Hjerimsheim";"";"Illustration fehlt";"Stammbäume/Stammbaum.html?family=haus-grendel&mode=view";""
"Clan Grimr";"Eigenes Register";"Aldrimar";"Aldrimar · Kronental · Hesirentum von Torrenwacht (ausgestorben / inaktiv) · Torrenheim";"";"Illustration fehlt";"Stammbäume/Stammbaum.html?family=haus-grimr&mode=view";""
"Clan Grünklang";"Eigenes Register";"Aldrimar";"Aldrimar · Roriksheim · Skaldenheim · Klangheim";"";"Illustration fehlt";"Stammbäume/Stammbaum.html?family=haus-gruenklang&mode=view";""
"Clan Guldskar";"Eigenes Register";"Aldrimar";"Aldrimar · Krähenmoor · Jarltümliche Herrschaft von Nebelmoor · Moortal";"";"Illustration fehlt";"Stammbäume/Stammbaum.html?family=haus-guldskar&mode=view";""
"Clan Gullvig";"Eigenes Register";"Aldrimar";"Aldrimar · Kronental · Hesirentum von Möwenfels · Kastav";"";"Illustration fehlt";"Stammbäume/Stammbaum.html?family=haus-gullvig&mode=view";""
"Clan Haeghra";"Im Stammbaum erwähnt";"Nur im Stammbaum erwähnt";"Keine eigenständige Registerzuordnung";"";"Illustration fehlt";"Stammbäume/Stammbaum.html?family=haus-goldglanz&mode=view";""
"Clan Heldenruf";"Im Stammbaum erwähnt";"Nur im Stammbaum erwähnt";"Keine eigenständige Registerzuordnung";"";"Illustration fehlt";"Stammbäume/Stammbaum.html?family=haus-wellensaenger&mode=view";""
"Clan Helgr";"Eigenes Register";"Aldrimar";"Aldrimar · Schwarzfenn · Lichtfenn · Finstermoor";"";"Illustration fehlt";"Stammbäume/Stammbaum.html?family=haus-helgr&mode=view";""
"Clan Helmyr";"Eigenes Register";"Aldrimar";"Aldrimar · Krähenmoor · Jarltümliche Herrschaft von Nebelmoor · Moortal";"";"Illustration fehlt";"Stammbäume/Stammbaum.html?family=haus-helmyr&mode=view";""
"Clan Hjerte";"Eigenes Register";"Aldrimar";"Aldrimar · Krähenmoor · Ausgestorbene Clans · Norrnaigh (Nordmänner)";"";"Illustration fehlt";"Stammbäume/Stammbaum.html?family=haus-hjerte&mode=view";""
"Clan Holmr";"Eigenes Register";"Aldrimar";"Aldrimar · Kronental · Hesirentum von Torrenwacht (ausgestorben / inaktiv) · Torrenheim";"";"Illustration fehlt";"Stammbäume/Stammbaum.html?family=haus-holmr&mode=view";""
"Clan Hrafn";"Eigenes Register";"Aldrimar";"Aldrimar · Schwarzfenn · Flussblick · Flusswall";"";"Illustration fehlt";"Stammbäume/Stammbaum.html?family=haus-hrafn&mode=view";""
"Clan Hvelgrson";"Eigenes Register";"Aldrimar";"Aldrimar · Kronental · Jarltümliche Herrschaft – Tal der Helden · Heldenwacht";"";"Illustration fehlt";"Stammbäume/Stammbaum.html?family=haus-hvelgrson&mode=view";""
"Clan Hyrmgarthr";"Eigenes Register";"Aldrimar";"Aldrimar · Ivarsheim · Saatgrund · Winterwacht · Winterfeste";"";"Illustration fehlt";"Stammbäume/Stammbaum.html?family=haus-hyrmgardr&mode=view";""
"Clan Isvanyr";"Eigenes Register";"Aldrimar";"Aldrimar · Kronental · Ausgestorbene Clans · Norrnaigh (Nordmänner)";"";"Illustration fehlt";"Stammbäume/Stammbaum.html?family=haus-isvanyr&mode=view";""
"Clan Järnblod";"Eigenes Register";"Aldrimar";"Aldrimar · Krähenmoor · Ausgestorbene Clans · Norrnaigh (Nordmänner)";"";"Illustration fehlt";"Stammbäume/Stammbaum.html?family=haus-jaernblod&mode=view";""
"Clan Jormung";"Eigenes Register";"Aldrimar";"Aldrimar · Kronental · Jarltümliche Herrschaft – Tal der Helden · Heldenwacht";"";"Illustration fehlt";"Stammbäume/Stammbaum.html?family=haus-jormung&mode=view";""
"Clan Kaldhrafn";"Eigenes Register";"Aldrimar";"Aldrimar · Krähenmoor · Ausgestorbene Clans · Norrnaigh (Nordmänner)";"";"Illustration fehlt";"Stammbäume/Stammbaum.html?family=haus-kaldhrafn&mode=view";""
"Clan Kaltherz";"Eigenes Register";"Aldrimar";"Aldrimar · Krähenmoor · Jarltümliche Herrschaft von Nebelmoor · Moortal";"";"Illustration fehlt";"Stammbäume/Stammbaum.html?family=haus-kaltherz&mode=view";""
"Clan Kampfgeborene";"Eigenes Register";"Aldrimar";"Aldrimar · Roriksheim · Rorikstal · Rorikshall";"";"Illustration fehlt";"Stammbäume/Stammbaum.html?family=haus-kampfgeborene&mode=view";""
"Clan Krähenrufer";"Eigenes Register";"Aldrimar";"Aldrimar · Roriksheim · Rorikstal · Rorikshall";"";"Illustration fehlt";"Stammbäume/Stammbaum.html?family=haus-kraehenrufer&mode=view";""
"Clan Kummerherz";"Eigenes Register";"Aldrimar";"Aldrimar · Schwarzfenn · Gramfenn · Trauerwald";"";"Illustration fehlt";"Stammbäume/Stammbaum.html?family=haus-kummerherz&mode=view";""
"Clan Leite";"Im Stammbaum erwähnt";"Nur im Stammbaum erwähnt";"Keine eigenständige Registerzuordnung";"";"Illustration fehlt";"Stammbäume/Stammbaum.html?family=haus-kaltherz&mode=view";""
"Clan Liedtrinker";"Eigenes Register";"Aldrimar";"Aldrimar · Roriksheim · Skaldenheim · Klangheim";"";"Illustration fehlt";"Stammbäume/Stammbaum.html?family=haus-liedtrinker&mode=view";""
"Clan Luga";"Im Stammbaum erwähnt";"Nur im Stammbaum erwähnt";"Keine eigenständige Registerzuordnung";"1";"Vorhanden";"Stammbäume/Stammbaum.html?family=haus-helgr&mode=view";""
"Clan Mac Ailella";"Im Stammbaum erwähnt";"Nur im Stammbaum erwähnt";"Keine eigenständige Registerzuordnung";"";"Illustration fehlt";"Stammbäume/Stammbaum.html?family=haus-helgr&mode=view";""
"Clan Mac Airt";"Eigenes Register";"Leitheach";"Leitheach · Tir an Comhchuibhis · Sruthlann";"";"Illustration fehlt";"Stammbäume/Stammbaum.html?family=haus-mac-airt&mode=view";""
"Clan Mac Ard Cumhaill";"Eigenes Register";"Leitheach";"Leitheach · Tir na Sleagh · Dun Athar";"";"Illustration fehlt";"Stammbäume/Stammbaum.html?family=haus-mac-ard-cumhaill&mode=view";""
"Clan Mac Bronaigh";"Eigenes Register";"Aldrimar";"Aldrimar · Schwarzfenn · Ausgestorbene Clans · Antike Crannath Clans";"";"Illustration fehlt";"Stammbäume/Stammbaum.html?family=haus-mac-bronaigh&mode=view";""
"Clan Mac Corcaigh";"Eigenes Register";"Aldrimar";"Aldrimar · Krähenmoor · Ausgestorbene Clans · Glaennath (Alben)";"";"Illustration fehlt";"Stammbäume/Stammbaum.html?family=haus-mac-corcaigh&mode=view";""
"Clan Mac Dubglais";"Im Stammbaum erwähnt";"Nur im Stammbaum erwähnt";"Keine eigenständige Registerzuordnung";"";"Illustration fehlt";"Stammbäume/Stammbaum.html?family=haus-dubhan&mode=view";""
"Clan Mac Magach";"Im Stammbaum erwähnt";"Nur im Stammbaum erwähnt";"Keine eigenständige Registerzuordnung";"";"Illustration fehlt";"Stammbäume/Stammbaum.html?family=haus-helgr&mode=view";""
"Clan Mac Mamhar";"Eigenes Register";"Aldrimar";"Aldrimar · Kronental · Ausgestorbene Clans · Glaennath (Alben)";"";"Illustration fehlt";"Stammbäume/Stammbaum.html?family=haus-mac-mamhar&mode=view";""
"Clan Mac Môrfhia";"Eigenes Register";"Aldrimar";"Aldrimar · Krähenmoor · Ausgestorbene Clans · Glaennath (Alben)";"";"Illustration fehlt";"Stammbäume/Stammbaum.html?family=haus-mac-morfhia&mode=view";""
"Clan Mac Tuirseach";"Eigenes Register";"Ceitheach";"Ceitheach · Tir na Dorcha · Lochanach";"1";"Vorhanden";"Stammbäume/Stammbaum.html?family=haus-mac-tuirseach&mode=view";""
"Clan MacBorthwick";"Im Stammbaum erwähnt";"Nur im Stammbaum erwähnt";"Keine eigenständige Registerzuordnung";"2";"Vorhanden";"Stammbäume/Stammbaum.html?family=haus-wellenschild&mode=view";""
"Clan Midgna";"Im Stammbaum erwähnt";"Nur im Stammbaum erwähnt";"Keine eigenständige Registerzuordnung";"1";"Vorhanden";"Stammbäume/Stammbaum.html?family=haus-skogg&mode=view";""
"Clan Moorbrand";"Eigenes Register";"Aldrimar";"Aldrimar · Kronental · Jarltümliche Herrschaft – Tal der Helden · Heldenwacht";"";"Illustration fehlt";"Stammbäume/Stammbaum.html?family=haus-moorbrand&mode=view";""
"Clan Morath";"Im Stammbaum erwähnt";"Nur im Stammbaum erwähnt";"Keine eigenständige Registerzuordnung";"";"Illustration fehlt";"Stammbäume/Stammbaum.html?family=haus-brathfengr&mode=view";""
"Clan Morchaon";"Eigenes Register";"Aldrimar";"Aldrimar · Kronental · Jarltümliche Herrschaft – Tal der Helden · Heldenwacht";"";"Illustration fehlt";"Stammbäume/Stammbaum.html?family=haus-morchaon&mode=view";""
"Clan Morchoe";"Im Stammbaum erwähnt";"Nur im Stammbaum erwähnt";"Keine eigenständige Registerzuordnung";"";"Illustration fehlt";"Stammbäume/Stammbaum.html?family=haus-gullvig&mode=view";""
"Clan Myrskarn";"Eigenes Register";"Aldrimar";"Aldrimar · Krähenmoor · Jarltümliche Herrschaft von Nebelmoor · Moortal";"";"Illustration fehlt";"Stammbäume/Stammbaum.html?family=haus-myrskarn&mode=view";""
"Clan Na’Mhuir";"Eigenes Register";"Leitheach";"Leitheach · Tir na Sinsear · Tir na Fancha · Broch an Coill";"";"Illustration fehlt";"Stammbäume/Stammbaum.html?family=haus-na-mhuir&mode=view";""
"Clan Nachtjäger";"Eigenes Register";"Aldrimar";"Aldrimar · Roriksheim · Dämmergrund · Dämmertal · Horunn";"";"Illustration fehlt";"Stammbäume/Stammbaum.html?family=haus-nachtjaeger&mode=view";""
"Clan Nic Blar";"Eigenes Register";"Ceitheach";"Ceitheach · Tir na Scian · Lochcoille";"";"Illustration fehlt";"Stammbäume/Stammbaum.html?family=haus-nic-blar&mode=view";""
"Clan Nic Holloran";"Eigenes Register";"Ceitheach";"Ceitheach · Tir na Ceo · Tirscath";"1";"Vorhanden";"Stammbäume/Stammbaum.html?family=haus-nic-holloran&mode=view";""
"Clan Nidfengr";"Eigenes Register";"Aldrimar";"Aldrimar · Kronental · Jarltümliche Herrschaft – Tal der Helden · Heldenwacht";"";"Illustration fehlt";"Stammbäume/Stammbaum.html?family=haus-nidfengr&mode=view";""
"Clan Nordwind";"Im Stammbaum erwähnt";"Nur im Stammbaum erwähnt";"Keine eigenständige Registerzuordnung";"";"Illustration fehlt";"Stammbäume/Stammbaum.html?family=haus-wellensaenger&mode=view";""
"Clan Oglivy";"Im Stammbaum erwähnt";"Nur im Stammbaum erwähnt";"Keine eigenständige Registerzuordnung";"1";"Vorhanden";"Stammbäume/Stammbaum.html?family=haus-kampfgeborene&mode=view";""
"Clan Ragnulf";"Eigenes Register";"Aldrimar";"Aldrimar · Schwarzfenn · Wolfsfenn · Wolfsklamm";"";"Illustration fehlt";"Stammbäume/Stammbaum.html?family=haus-ragnulf&mode=view";""
"Clan Riesentod";"Eigenes Register";"Aldrimar";"Aldrimar · Kronental · Jarltümliche Herrschaft – Tal der Helden · Heldenwacht";"";"Illustration fehlt";"Stammbäume/Stammbaum.html?family=haus-riesentod&mode=view";""
"Clan Riesentot";"Im Stammbaum erwähnt";"Nur im Stammbaum erwähnt";"Keine eigenständige Registerzuordnung";"";"Illustration fehlt";"Stammbäume/Stammbaum.html?family=haus-hyrmgardr&mode=view";""
"Clan Rónáin";"Im Stammbaum erwähnt";"Nur im Stammbaum erwähnt";"Keine eigenständige Registerzuordnung";"";"Illustration fehlt";"Stammbäume/Stammbaum.html?family=haus-varangr&mode=view";""
"Clan Rotstahl";"Eigenes Register";"Aldrimar";"Aldrimar · Roriksheim · Rorikstal · Rorikshall";"";"Illustration fehlt";"Stammbäume/Stammbaum.html?family=haus-rotstahl&mode=view";""
"Clan Runensänger";"Eigenes Register";"Aldrimar";"Aldrimar · Roriksheim · Skaldenheim · Klangheim";"";"Illustration fehlt";"Stammbäume/Stammbaum.html?family=haus-runensaenger&mode=view";""
"Clan Schattenherz";"Eigenes Register";"Aldrimar";"Aldrimar · Krähenmoor · Thanentum Rabenweide · Rabenfurt";"";"Illustration fehlt";"Stammbäume/Stammbaum.html?family=haus-schattenherz&mode=view";""
"Clan Schmetterschild";"Eigenes Register";"Aldrimar";"Aldrimar · Schwarzfenn · Wolfsfenn · Wolfsklamm";"";"Illustration fehlt";"Stammbäume/Stammbaum.html?family=haus-schmetterschild&mode=view";""
"Clan Schneehammer";"Im Stammbaum erwähnt";"Nur im Stammbaum erwähnt";"Keine eigenständige Registerzuordnung";"";"Illustration fehlt";"Stammbäume/Stammbaum.html?family=haus-wellensaenger&mode=view";""
"Clan Schwarzblut";"Eigenes Register";"Aldrimar";"Aldrimar · Krähenmoor · Hesirentum von Schwarzfjord · Nebelwacht";"";"Illustration fehlt";"Stammbäume/Stammbaum.html?family=haus-schwarzblut&mode=view";""
"Clan Schwarzdorn";"Eigenes Register";"Aldrimar";"Aldrimar · Roriksheim · Rorikstal · Rorikshall";"";"Illustration fehlt";"Stammbäume/Stammbaum.html?family=haus-schwarzdorn&mode=view";""
"Clan Schwarzstolz";"Eigenes Register";"Aldrimar";"Aldrimar · Krähenmoor · Hesirentum von Schwarzfjord · Eldvik";"";"Illustration fehlt";"Stammbäume/Stammbaum.html?family=haus-schwarzstolz&mode=view";""
"Clan Séaghdha";"Im Stammbaum erwähnt";"Nur im Stammbaum erwähnt";"Keine eigenständige Registerzuordnung";"";"Illustration fehlt";"Stammbäume/Stammbaum.html?family=haus-kampfgeborene&mode=view";""
"Clan Silberblut";"Eigenes Register";"Aldrimar";"Aldrimar · Krähenmoor · Thanentum Schimmerküste · Silberquell";"";"Illustration fehlt";"Stammbäume/Stammbaum.html?family=haus-silberblut&mode=view";""
"Clan Silberzunge";"Eigenes Register";"Aldrimar";"Aldrimar · Ivarsheim · Ivarsklamm · Ivarsfels";"";"Illustration fehlt";"Stammbäume/Stammbaum.html?family=haus-silberzunge&mode=view";""
"Clan Skaal";"Eigenes Register";"Aldrimar";"Aldrimar · Roriksheim · Schwerthohn · Schwertfall";"";"Illustration fehlt";"Stammbäume/Stammbaum.html?family=haus-skaal&mode=view";""
"Clan Skaife";"Eigenes Register";"Aldrimar";"Aldrimar · Kronental · Hesirentum von Torrenwacht (ausgestorben / inaktiv) · Torrenheim";"";"Illustration fehlt";"Stammbäume/Stammbaum.html?family=haus-skaife&mode=view";""
"Clan Skald";"Eigenes Register";"Aldrimar";"Aldrimar · Roriksheim · Skaldenheim · Klangheim";"";"Illustration fehlt";"Stammbäume/Stammbaum.html?family=haus-skald&mode=view";""
"Clan Skjegg";"Eigenes Register";"Aldrimar";"Aldrimar · Roriksheim · Schwarzacker · Grabesruh";"";"Illustration fehlt";"Stammbäume/Stammbaum.html?family=haus-skjegg&mode=view";""
"Clan Skogg";"Eigenes Register";"Aldrimar";"Aldrimar · Ivarsheim · Saatgrund · Kornweiler";"";"Illustration fehlt";"Stammbäume/Stammbaum.html?family=haus-skogg&mode=view";""
"Clan Sökeren";"Eigenes Register";"Aldrimar";"Aldrimar · Roriksheim · Skaldenheim · Klangheim";"";"Illustration fehlt";"Stammbäume/Stammbaum.html?family=haus-soekeren&mode=view";""
"Clan Spindelschlag";"Eigenes Register";"Aldrimar";"Aldrimar · Kronental · Jarltümliche Herrschaft – Tal der Helden · Spindelheim";"";"Illustration fehlt";"Stammbäume/Stammbaum.html?family=haus-spindelschlag&mode=view";""
"Clan Spottzunge";"Eigenes Register";"Aldrimar";"Aldrimar · Roriksheim · Skaldenheim · Klangheim";"";"Illustration fehlt";"Stammbäume/Stammbaum.html?family=haus-spottzunge&mode=view";""
"Clan Sterkr";"Eigenes Register";"Aldrimar";"Aldrimar · Roriksheim · Skaldenheim · Klangheim";"";"Illustration fehlt";"Stammbäume/Stammbaum.html?family=haus-sterkr&mode=view";""
"Clan Sturmgeborene";"Eigenes Register";"Aldrimar";"Aldrimar · Kronental · Jarltümliche Herrschaft – Tal der Helden · Heldenwacht";"";"Illustration fehlt";"Stammbäume/Stammbaum.html?family=haus-sturmgeborene&mode=view";""
"Clan Sturmgeborener";"Im Stammbaum erwähnt";"Nur im Stammbaum erwähnt";"Keine eigenständige Registerzuordnung";"";"Illustration fehlt";"Stammbäume/Stammbaum.html?family=haus-grendel&mode=view";""
"Clan Sturmsänger";"Eigenes Register";"Aldrimar";"Aldrimar · Roriksheim · Skaldenheim · Klangheim";"";"Illustration fehlt";"Stammbäume/Stammbaum.html?family=haus-sturmsaenger&mode=view";""
"Clan Südstahl";"Eigenes Register";"Aldrimar";"Aldrimar · Kronental · Jarltümliche Herrschaft – Tal der Helden · Heldenwacht";"1";"Vorhanden";"Stammbäume/Stammbaum.html?family=haus-suedstahl&mode=view";""
"Clan Sumpfgeborener";"Eigenes Register";"Aldrimar";"Aldrimar · Krähenmoor · Jarltümliche Herrschaft von Nebelmoor · Moortal";"";"Illustration fehlt";"Stammbäume/Stammbaum.html?family=haus-sumpfgeborener&mode=view";""
"Clan Svartholmr";"Eigenes Register";"Aldrimar";"Aldrimar · Schwarzfenn · Ausgestorbene Clans · Norrnaigh (Nordmänner)";"";"Illustration fehlt";"Stammbäume/Stammbaum.html?family=haus-svartholmr&mode=view";""
"Clan Tarbhann";"Eigenes Register";"Aldrimar";"Aldrimar · Kronental · Jarltümliche Herrschaft – Tal der Helden · Heldenwacht";"";"Illustration fehlt";"Stammbäume/Stammbaum.html?family=haus-tarbhann&mode=view";""
"Clan Taufwolf";"Eigenes Register";"Aldrimar";"Aldrimar · Krähenmoor · Jarltümliche Herrschaft von Nebelmoor · Moortal";"";"Illustration fehlt";"Stammbäume/Stammbaum.html?family=haus-taufwolf&mode=view";""
"Clan Tauwind";"Eigenes Register";"Aldrimar";"Aldrimar · Kronental · Jarltümliche Herrschaft – Tal der Helden · Heldenwacht";"";"Illustration fehlt";"Stammbäume/Stammbaum.html?family=haus-tauwind&mode=view";""
"Clan Tíogar";"Eigenes Register";"Aldrimar";"Aldrimar · Roriksheim · Ausgestorbene Clans · Glaennath (Alben)";"";"Illustration fehlt";"Stammbäume/Stammbaum.html?family=haus-tiogar&mode=view";""
"Clan Tir An’Cuinn";"Eigenes Register";"Leitheach";"Leitheach · Tir na Sruth · Ceanntire";"";"Illustration fehlt";"Stammbäume/Stammbaum.html?family=haus-tir-an-cuinn&mode=view";""
"Clan Todbrand";"Eigenes Register";"Aldrimar";"Aldrimar · Schwarzfenn · Todesfenn · Dunkelmoor";"";"Illustration fehlt";"Stammbäume/Stammbaum.html?family=haus-todbrand&mode=view";""
"Clan Tonnmharra";"Eigenes Register";"Cenyr";"Cenyr · Graue Weite · Antike Crannath Clans · Dun Liath";"";"Illustration fehlt";"Stammbäume/Stammbaum.html?family=haus-tonnmharra&mode=view";""
"Clan Tordarroch";"Im Stammbaum erwähnt";"Nur im Stammbaum erwähnt";"Keine eigenständige Registerzuordnung";"";"Illustration fehlt";"Stammbäume/Stammbaum.html?family=haus-sterkr&mode=view";""
"Clan Ua Fhàire";"Eigenes Register";"Cenyr";"Cenyr · Weidebucht · Antike Häuser · Bhiorach";"";"Illustration fehlt";"Stammbäume/Stammbaum.html?family=haus-fhaire&mode=view";""
"Clan Ua Fíonnghal";"Eigenes Register";"Cenyr";"Cenyr · Tal der Milane · Antike Crannath Clans · Tûr Briste";"";"Illustration fehlt";"Stammbäume/Stammbaum.html?family=haus-ua-fionnghal&mode=view";""
"Clan Ua Nic Ceinselaig";"Eigenes Register";"Ceitheach";"Ceitheach · Tir na Toraidh · Bruachan";"1";"Vorhanden";"Stammbäume/Stammbaum.html?family=haus-ua-nic-ceinselaig&mode=view";""
"Clan Ua’Cleir";"Eigenes Register";"Leitheach";"Leitheach · Tir na Sinsear · Lehnsherrschaft der Fir An’Gallchobhair · Dun Laog";"";"Illustration fehlt";"Stammbäume/Stammbaum.html?family=haus-cleir&mode=view";""
"Clan Ua’Eirce";"Eigenes Register";"Leitheach";"Leitheach · Tir na Sleagh";"";"Illustration fehlt";"Stammbäume/Stammbaum.html?family=haus-ua-eirce&mode=view";""
"Clan Ua’Gaelach";"Eigenes Register";"Leitheach";"Leitheach · Tir na Sinsear · Nossail";"";"Illustration fehlt";"Stammbäume/Stammbaum.html?family=haus-ua-gaelach&mode=view";""
"Clan Ua’Ghaiscíoch";"Eigenes Register";"Leitheach";"Leitheach · Tir na Sinsear · Lehnsherrschaft der Fir An’Gallchobhair · Dun Laog";"";"Illustration fehlt";"Stammbäume/Stammbaum.html?family=haus-ghaiscioch&mode=view";""
"Clan Uí Fiachrach";"Eigenes Register";"Leitheach";"Leitheach · Tir na Sleagh";"";"Illustration fehlt";"Stammbäume/Stammbaum.html?family=haus-fiachrach&mode=view";""
"Clan Ui Gormárd";"Eigenes Register";"Cenyr";"Cenyr · Tal der Milane · Antike Crannath Clans · Dun Talonach";"";"Illustration fehlt";"Stammbäume/Stammbaum.html?family=haus-gormard&mode=view";""
"Clan Ui Trisceil";"Eigenes Register";"Cenyr";"Cenyr · Weidebucht · Antike Häuser · Antikes Cerrigarth";"";"Illustration fehlt";"Stammbäume/Stammbaum.html?family=haus-trisceil&mode=view";""
"Clan Ui’Rochraide";"Eigenes Register";"Ceitheach";"Ceitheach · Tir na Cruach · Carraigreach";"1";"Vorhanden";"Stammbäume/Stammbaum.html?family=haus-ui-rochraide&mode=view";""
"Clan Ulvasar";"Eigenes Register";"Aldrimar";"Aldrimar · Roriksheim · Ausgestorbene Clans · Norrnaigh (Nordmänner)";"";"Illustration fehlt";"Stammbäume/Stammbaum.html?family=haus-ulvasar&mode=view";""
"Clan Unholdbann";"Eigenes Register";"Aldrimar";"Aldrimar · Roriksheim · Rorikstal · Rorikshall";"";"Illustration fehlt";"Stammbäume/Stammbaum.html?family=haus-unholdbann&mode=view";""
"Clan Vaeren";"Eigenes Register";"Aldrimar";"Aldrimar · Kronental · Jarltümliche Herrschaft – Tal der Helden · Heldenwacht";"";"Illustration fehlt";"Stammbäume/Stammbaum.html?family=haus-vaeren&mode=view";""
"Clan Vangandr";"Eigenes Register";"Aldrimar";"Aldrimar · Roriksheim · Dämmergrund · Wolfspfad";"";"Illustration fehlt";"Stammbäume/Stammbaum.html?family=haus-vangandr&mode=view";""
"Clan Vanir";"Eigenes Register";"Aldrimar";"Aldrimar · Roriksheim · Ausgestorbene Clans · Norrnaigh (Nordmänner)";"";"Illustration fehlt";"Stammbäume/Stammbaum.html?family=haus-vanir&mode=view";""
"Clan Varangr";"Eigenes Register";"Aldrimar";"Aldrimar · Krähenmoor · Jarltümliche Herrschaft von Nebelmoor · Moortal";"";"Illustration fehlt";"Stammbäume/Stammbaum.html?family=haus-varangr&mode=view";""
"Clan Varulv";"Eigenes Register";"Aldrimar";"Aldrimar · Roriksheim · Rorikstal · Rorikshall";"";"Illustration fehlt";"Stammbäume/Stammbaum.html?family=haus-varulv&mode=view";""
"Clan Vragi";"Eigenes Register";"Aldrimar";"Aldrimar · Krähenmoor · Thanentum Rabenweide · Rabenforst · Rabenhain";"";"Illustration fehlt";"Stammbäume/Stammbaum.html?family=haus-vragi&mode=view";""
"Clan Wargh";"Eigenes Register";"Aldrimar";"Aldrimar · Ivarsheim · Ivarsklamm · Ivarsfels";"";"Illustration fehlt";"Stammbäume/Stammbaum.html?family=haus-wargh&mode=view";""
"Clan Warthog";"Eigenes Register";"Cenyr";"Cenyr · Ährental · Antike Crannath Clans · Ri Torraird";"";"Illustration fehlt";"Stammbäume/Stammbaum.html?family=haus-warthog&mode=view";""
"Clan Wellenkrone";"Eigenes Register";"Aldrimar";"Aldrimar · Kronental · Jarltümliche Herrschaft – Tal der Helden · Heldenwacht";"";"Illustration fehlt";"Stammbäume/Stammbaum.html?family=haus-wellenkrone&mode=view";""
"Clan Wellensänger";"Eigenes Register";"Aldrimar";"Aldrimar · Kronental · Hesirentum von Wellenklang · Amol";"";"Illustration fehlt";"Stammbäume/Stammbaum.html?family=haus-wellensaenger&mode=view";""
"Clan Wellenschild";"Eigenes Register";"Aldrimar";"Aldrimar · Kronental · Klageschild-Inseln · Wellenruh";"";"Illustration fehlt";"Stammbäume/Stammbaum.html?family=haus-wellenschild&mode=view";""
"Clan Wolfshorn";"Eigenes Register";"Aldrimar";"Aldrimar · Roriksheim · Dämmergrund · Hornhall";"";"Illustration fehlt";"Stammbäume/Stammbaum.html?family=haus-wolfshorn&mode=view";""
"Dál T’Saoir";"Im Stammbaum erwähnt";"Nur im Stammbaum erwähnt";"Keine eigenständige Registerzuordnung";"";"Illustration fehlt";"Stammbäume/Stammbaum.html?family=haus-airgid&mode=view";""
"Dal T’Saor";"Eigenes Register";"Leitheach";"Leitheach · Tir an Comhchuibhis · Sruthlann";"";"Illustration fehlt";"Stammbäume/Stammbaum.html?family=haus-dal-t-saor&mode=view";""
"Dál’Ruitheach";"Eigenes Register";"Leitheach";"Leitheach · Tir na Tonn · Herrschaft der Dál’Ruitheach · Broch an Iar";"";"Illustration fehlt";"Stammbäume/Stammbaum.html?family=haus-ruitheach&mode=view";""
"Elimue-Linie des Hauses Morforwyn";"Im Stammbaum erwähnt";"Nur im Stammbaum erwähnt";"Keine eigenständige Registerzuordnung";"";"Illustration fehlt";"Stammbäume/Stammbaum.html?family=haus-morforwyn&mode=view";""
"Fáill Mallacht Eamhra";"Eigenes Register";"Ceitheach";"Ceitheach · Tir na Cruach · Tineach";"1";"Vorhanden";"Stammbäume/Stammbaum.html?family=haus-eamhra&mode=view";""
"Fáill Ua’Eldath";"Eigenes Register";"Ceitheach";"Ceitheach · Tir na Cruach · Carraigreach";"1";"Vorhanden";"Stammbäume/Stammbaum.html?family=haus-eldath&mode=view";""
"Familie Dewrdd";"Im Stammbaum erwähnt";"Nur im Stammbaum erwähnt";"Keine eigenständige Registerzuordnung";"";"Illustration fehlt";"Stammbäume/Stammbaum.html?family=haus-bradrhith&mode=view";""
"Familie Gwregysdu";"Im Stammbaum erwähnt";"Nur im Stammbaum erwähnt";"Keine eigenständige Registerzuordnung";"";"Illustration fehlt";"Stammbäume/Stammbaum.html?family=haus-bradrhith&mode=view";""
"Fir An’Gallchobhair";"Eigenes Register";"Leitheach";"Leitheach · Tir na Sinsear · Lehnsherrschaft der Fir An’Gallchobhair · Dun Laog";"";"Illustration fehlt";"Stammbäume/Stammbaum.html?family=haus-gallchobhair&mode=view";""
"Haus Abhrach";"Im Stammbaum erwähnt";"Nur im Stammbaum erwähnt";"Keine eigenständige Registerzuordnung";"";"Illustration fehlt";"Stammbäume/Stammbaum.html?family=haus-ui-rochraide&mode=view";""
"Haus Abor";"Im Stammbaum erwähnt";"Nur im Stammbaum erwähnt";"Keine eigenständige Registerzuordnung";"";"Illustration fehlt";"Stammbäume/Stammbaum.html?family=haus-fir-an-tarvo&mode=view";""
"Haus Aderyn O'Penbryn";"Eigenes Register";"Cenyr";"Cenyr · Tal der Milane · Yvains Klamm · Penbryn";"";"Illustration fehlt";"Stammbäume/Stammbaum.html?family=haus-aderyn&mode=view";""
"Haus Adorin";"Im Stammbaum erwähnt";"Nur im Stammbaum erwähnt";"Keine eigenständige Registerzuordnung";"";"Illustration fehlt";"Stammbäume/Stammbaum.html?family=haus-skald&mode=view";""
"Haus Aelmor";"Eigenes Register";"Cenyr";"Cenyr · Celtigerns Wacht · Llamreis Ankunft · Gwynthor";"";"Illustration fehlt";"Stammbäume/Stammbaum.html?family=haus-aelmor&mode=view";""
"Haus Aelryn";"Eigenes Register";"Cenyr";"Cenyr · Sonnenküste · Jungferntal · Carngol";"";"Illustration fehlt";"Stammbäume/Stammbaum.html?family=haus-aelryn&mode=view";""
"Haus agnew";"Im Stammbaum erwähnt";"Nur im Stammbaum erwähnt";"Keine eigenständige Registerzuordnung";"1";"Vorhanden";"Stammbäume/Stammbaum.html?family=haus-crwynog&mode=view";""
"Haus Ailella";"Im Stammbaum erwähnt";"Nur im Stammbaum erwähnt";"Keine eigenständige Registerzuordnung";"";"Illustration fehlt";"Stammbäume/Stammbaum.html?family=haus-ua-nic-ceinselaig&mode=view";""
"Haus Airdmhor";"Im Stammbaum erwähnt";"Nur im Stammbaum erwähnt";"Keine eigenständige Registerzuordnung";"1";"Vorhanden";"Stammbäume/Stammbaum.html?family=haus-hebog&mode=view";""
"Haus Airt";"Im Stammbaum erwähnt";"Nur im Stammbaum erwähnt";"Keine eigenständige Registerzuordnung";"";"Illustration fehlt";"Stammbäume/Stammbaum.html?family=haus-draig&mode=view";""
"Haus Airth";"Im Stammbaum erwähnt";"Nur im Stammbaum erwähnt";"Keine eigenständige Registerzuordnung";"";"Illustration fehlt";"Stammbäume/Stammbaum.html?family=haus-mac-ard-cumhaill&mode=view";""
"Haus Almarch";"Eigenes Register";"Cenyr";"Cenyr · Celtigerns Wacht · Artus Streben · Rhosmere";"1";"Vorhanden";"Stammbäume/Stammbaum.html?family=haus-almarch&mode=view";""
"Haus Althin";"Eigenes Register";"Cenyr";"Cenyr · Celtigerns Wacht · Artus Streben · Rhosmere";"1";"Vorhanden";"Stammbäume/Stammbaum.html?family=haus-althin&mode=view";""
"Haus An Borach";"Eigenes Register";"Aldrimar";"Aldrimar · Ivarsheim · Ausgestorbene Häuser · Glaennath (Alben)";"";"Illustration fehlt";"Stammbäume/Stammbaum.html?family=haus-an-borach&mode=view";""
"Haus Anbhair";"Im Stammbaum erwähnt";"Nur im Stammbaum erwähnt";"Keine eigenständige Registerzuordnung";"";"Illustration fehlt";"Stammbäume/Stammbaum.html?family=haus-seaghda&mode=view";""
"Haus Annwyl";"Eigenes Register";"Cenyr";"Cenyr · Celtigerns Wacht · Gwendolyns Ufer · Côr Mynyddfaen";"1";"Vorhanden";"Stammbäume/Stammbaum.html?family=haus-annwyl&mode=view";""
"Haus Aonghusa";"Im Stammbaum erwähnt";"Nur im Stammbaum erwähnt";"Keine eigenständige Registerzuordnung";"";"Illustration fehlt";"Stammbäume/Stammbaum.html?family=haus-ciarog&mode=view";""
"Haus Arbhair";"Im Stammbaum erwähnt";"Nur im Stammbaum erwähnt";"Keine eigenständige Registerzuordnung";"";"Illustration fehlt";"Stammbäume/Stammbaum.html?family=haus-dal-leite&mode=view";""
"Haus Arbor";"Im Stammbaum erwähnt";"Nur im Stammbaum erwähnt";"Keine eigenständige Registerzuordnung";"";"Illustration fehlt";"Stammbäume/Stammbaum.html?family=haus-varangr&mode=view";""
"Haus Ard Conbhrón";"Eigenes Register";"Cenyr";"Cenyr · Celtigerns Wacht · Antike Crannath Clans · Lycath";"1";"Vorhanden";"Stammbäume/Stammbaum.html?family=haus-ard-conbhron&mode=view";""
"Haus Ard Follmhar";"Eigenes Register";"Cenyr";"Cenyr · Klaueninsel · Antike Häuser · Ard Dunrath";"";"Illustration fehlt";"Stammbäume/Stammbaum.html?family=haus-ard-follmhar&mode=view";""
"Haus Ardmhair";"Im Stammbaum erwähnt";"Nur im Stammbaum erwähnt";"Keine eigenständige Registerzuordnung";"";"Illustration fehlt";"Stammbäume/Stammbaum.html?family=haus-mac-tuirseach&mode=view";""
"Haus Arentino";"Im Stammbaum erwähnt";"Nur im Stammbaum erwähnt";"Keine eigenständige Registerzuordnung";"";"Illustration fehlt";"Stammbäume/Stammbaum.html?family=haus-fir-an-tarvo&mode=view";""
"Haus Arfordir O'Aberdail";"Eigenes Register";"Cenyr";"Cenyr · Klaueninsel · Blutklaue · Aberdail";"";"Illustration fehlt";"Stammbäume/Stammbaum.html?family=haus-arfordir-aberdail&mode=view";""
"Haus Arfordir O'Serenlyn";"Eigenes Register";"Vennyr";"Vennyr · Tir Arfordir · Serenlyn";"";"Illustration fehlt";"Stammbäume/Stammbaum.html?family=haus-arfordir&mode=view";""
"Haus Argall";"Eigenes Register";"Cenyr";"Cenyr · Celtigerns Wacht · Llamreis Ankunft · Llysfaen";"";"Illustration fehlt";"Stammbäume/Stammbaum.html?family=haus-argall&mode=view";""
"Haus Argyllan";"Eigenes Register";"Cenyr";"Cenyr · Silberinsel · Silberbucht · Llanvane";"";"Illustration fehlt";"Stammbäume/Stammbaum.html?family=haus-argyllan&mode=view";""
"Haus Arian";"Eigenes Register";"Cenyr";"Cenyr · Klaueninsel · Sturmklaue · Talgarth";"";"Illustration fehlt";"Stammbäume/Stammbaum.html?family=haus-arian&mode=view";""
"Haus Arnulfinger";"Im Stammbaum erwähnt";"Nur im Stammbaum erwähnt";"Keine eigenständige Registerzuordnung";"";"Illustration fehlt";"Stammbäume/Stammbaum.html?family=haus-wellensaenger&mode=view";""
"Haus Aroglyn";"Eigenes Register";"Cenyr";"Cenyr · Ährental · Tristams Ebene · Glyndraith";"";"Illustration fehlt";"Stammbäume/Stammbaum.html?family=haus-aroglyn&mode=view";""
"Haus Arth O'Talgarth";"Eigenes Register";"Cenyr";"Cenyr · Klaueninsel · Sturmklaue · Talgarth";"";"Illustration fehlt";"Stammbäume/Stammbaum.html?family=haus-arth&mode=view";""
"Haus Arven";"Eigenes Register";"Cenyr";"Cenyr · Silberinsel · Silberbucht · Llanvane";"";"Illustration fehlt";"Stammbäume/Stammbaum.html?family=haus-arven&mode=view";""
"Haus Arwydd";"Eigenes Register";"Cenyr";"Cenyr · Celtigerns Wacht · Rhonwens Tränen · Castellbryn";"1";"Vorhanden";"Stammbäume/Stammbaum.html?family=haus-arwydd&mode=view";""
"Haus Ashina";"Im Stammbaum erwähnt";"Nur im Stammbaum erwähnt";"Keine eigenständige Registerzuordnung";"";"Illustration fehlt";"Stammbäume/Stammbaum.html?family=haus-grawn&mode=view";""
"Haus Asyn O'Cerrigarth";"Eigenes Register";"Cenyr";"Cenyr · Weidebucht · Melwas Au · Cerrigarth";"";"Illustration fehlt";"Stammbäume/Stammbaum.html?family=haus-asyn&mode=view";""
"Haus Avenicci";"Im Stammbaum erwähnt";"Nur im Stammbaum erwähnt";"Keine eigenständige Registerzuordnung";"";"Illustration fehlt";"Stammbäume/Stammbaum.html?family=haus-varangr&mode=view";""
"Haus Awenor";"Eigenes Register";"Cenyr";"Cenyr · Celtigerns Wacht · Llamreis Ankunft · Gwynthor";"1";"Vorhanden";"Stammbäume/Stammbaum.html?family=haus-awenor&mode=view";""
"Haus Awenydd";"Eigenes Register";"Cenyr";"Cenyr · Celtigerns Wacht · Llamreis Ankunft · Gwynthor";"1";"Vorhanden";"Stammbäume/Stammbaum.html?family=haus-awenydd&mode=view";""
"Haus Baedd O'Eirwyn";"Eigenes Register";"Cenyr";"Cenyr · Ährental · Eberkamm · Eirwyn";"";"Illustration fehlt";"Stammbäume/Stammbaum.html?family=haus-baedd&mode=view";""
"Haus Balauric";"Eigenes Register";"Vennyr";"Vennyr · Tir Gorllewin · Mynyddharbwr";"1";"Vorhanden";"Stammbäume/Stammbaum.html?family=haus-balauric&mode=view";""
"Haus Balchder";"Eigenes Register";"Cenyr";"Cenyr · Celtigerns Wacht · Llamreis Ankunft · Gwynthor";"1";"Vorhanden";"Stammbäume/Stammbaum.html?family=haus-balchder&mode=view";""
"Haus Balguen";"Im Stammbaum erwähnt";"Nur im Stammbaum erwähnt";"Keine eigenständige Registerzuordnung";"";"Illustration fehlt";"Stammbäume/Stammbaum.html?family=haus-awenydd&mode=view";""
"Haus Barcud";"Eigenes Register";"Cenyr";"Cenyr · Tal der Milane · Yvains Klamm · Penbryn";"";"Illustration fehlt";"Stammbäume/Stammbaum.html?family=haus-barcud&mode=view";""
"Haus Bärenfell";"Im Stammbaum erwähnt";"Nur im Stammbaum erwähnt";"Keine eigenständige Registerzuordnung";"";"Illustration fehlt";"Stammbäume/Stammbaum.html?family=haus-aderyn&mode=view";""
"Haus Barus";"Eigenes Register";"Cenyr";"Cenyr · Celtigerns Wacht · Gwendolyns Ufer · Abergwint";"1";"Vorhanden";"Stammbäume/Stammbaum.html?family=haus-barus&mode=view";""
"Haus Bekab";"Eigenes Register";"Cenyr";"Cenyr · Celtigerns Wacht · Artus Streben · Rhosmere";"";"Illustration fehlt";"Stammbäume/Stammbaum.html?family=haus-bekab&mode=view";""
"Haus Bellyn";"Eigenes Register";"Cenyr";"Cenyr · Sonnenküste · Gersteküste · Aberon";"";"Illustration fehlt";"Stammbäume/Stammbaum.html?family=haus-bellyn&mode=view";""
"Haus Beran";"Eigenes Register";"Aeldrunmar";"Aeldrunmar · Jarltum der Beran";"";"Illustration fehlt";"Stammbäume/Stammbaum.html?family=haus-beran&mode=view";""
"Haus Beryn";"Eigenes Register";"Cenyr";"Cenyr · Klaueninsel · Sturmklaue · Talgarth";"";"Illustration fehlt";"Stammbäume/Stammbaum.html?family=haus-beryn&mode=view";""
"Haus Bevan";"Eigenes Register";"Cenyr";"Cenyr · Klaueninsel · Sturmklaue · Talgarth";"";"Illustration fehlt";"Stammbäume/Stammbaum.html?family=haus-bevan&mode=view";""
"Haus Bhaird";"Im Stammbaum erwähnt";"Nur im Stammbaum erwähnt";"Keine eigenständige Registerzuordnung";"";"Illustration fehlt";"Stammbäume/Stammbaum.html?family=haus-soekeren&mode=view";""
"Haus Birn";"Im Stammbaum erwähnt";"Nur im Stammbaum erwähnt";"Keine eigenständige Registerzuordnung";"";"Illustration fehlt";"Stammbäume/Stammbaum.html?family=haus-nic-holloran&mode=view";""
"Haus Blach O'Aberon";"Eigenes Register";"Cenyr";"Cenyr · Sonnenküste · Gersteküste · Aberon";"";"Illustration fehlt";"Stammbäume/Stammbaum.html?family=haus-blach&mode=view";""
"Haus Blaidd O'Branon";"Eigenes Register";"Vennyr";"Vennyr · Tir Dwyrain · Branon";"";"Illustration fehlt";"Stammbäume/Stammbaum.html?family=haus-blaidd&mode=view";""
"Haus Blaidd O'Tredegar";"Eigenes Register";"Cenyr";"Cenyr · Graue Weite · Schimmerküste · Tredegar";"";"Illustration fehlt";"Stammbäume/Stammbaum.html?family=haus-blaidd-tredegar&mode=view";""
"Haus Blár";"Im Stammbaum erwähnt";"Nur im Stammbaum erwähnt";"Keine eigenständige Registerzuordnung";"";"Illustration fehlt";"Stammbäume/Stammbaum.html?family=haus-mac-ard-cumhaill&mode=view";""
"Haus Bleiddorn";"Eigenes Register";"Cenyr";"Cenyr · Celtigerns Wacht · Llamreis Ankunft · Gwynthor";"1";"Vorhanden";"Stammbäume/Stammbaum.html?family=haus-bleiddorn&mode=view";""
"Haus Blodeuwedd";"Eigenes Register";"Vennyr";"Vennyr · Blütenland · Baronie Hoyers Krone · Lyndor";"1";"Vorhanden";"Stammbäume/Stammbaum.html?family=haus-blodeuwedd&mode=view";""
"Haus Blodyn O'Aberdail";"Eigenes Register";"Cenyr";"Cenyr · Klaueninsel · Blutklaue · Aberdail";"";"Illustration fehlt";"Stammbäume/Stammbaum.html?family=haus-blodyn-aberdail&mode=view";""
"Haus Blodyn O'Llyndor";"Eigenes Register";"Vennyr";"Vennyr · Blütenland · Baronie Hoyers Krone · Lyndor";"";"Illustration fehlt";"Stammbäume/Stammbaum.html?family=haus-blodyn&mode=view";""
"Haus Blodyn O'Talgarth";"Eigenes Register";"Cenyr";"Cenyr · Klaueninsel · Sturmklaue · Talgarth";"";"Illustration fehlt";"Stammbäume/Stammbaum.html?family=haus-blodyn-talgarth&mode=view";""
"Haus Blutklinge";"Eigenes Register";"Aldrimar";"Aldrimar · Ivarsheim · Ausgestorbene Häuser · Aldrimarer (jüngst ausgestorben)";"";"Illustration fehlt";"Stammbäume/Stammbaum.html?family=haus-blutklinge&mode=view";""
"Haus Bochdew";"Eigenes Register";"Vennyr";"Vennyr · Tir Dwyrain · Caer Ynys";"1";"Vorhanden";"Stammbäume/Stammbaum.html?family=haus-bochdew&mode=view";""
"Haus Borthwick";"Im Stammbaum erwähnt";"Nur im Stammbaum erwähnt";"Keine eigenständige Registerzuordnung";"";"Illustration fehlt";"Stammbäume/Stammbaum.html?family=haus-trachwyll-talfronwyn&mode=view";""
"Haus Bowen";"Eigenes Register";"Cenyr";"Cenyr · Klaueninsel · Sturmklaue · Talgarth";"";"Illustration fehlt";"Stammbäume/Stammbaum.html?family=haus-bowen&mode=view";""
"Haus Boyd";"Im Stammbaum erwähnt";"Nur im Stammbaum erwähnt";"Keine eigenständige Registerzuordnung";"1";"Vorhanden";"Stammbäume/Stammbaum.html?family=haus-wellenschild&mode=view";""
"Haus Bradrhith";"Eigenes Register";"Cenyr";"Cenyr · Celtigerns Wacht · Llamreis Ankunft · Gwynthor · Bradrhith Hof";"1";"Vorhanden";"Stammbäume/Stammbaum.html?family=haus-bradrhith&mode=view";""
"Haus Braglas";"Eigenes Register";"Cenyr";"Cenyr · Celtigerns Wacht · Llamreis Ankunft · Gwynthor";"";"Illustration fehlt";"Stammbäume/Stammbaum.html?family=haus-braglas&mode=view";""
"Haus Brinmarch";"Eigenes Register";"Cenyr";"Cenyr · Celtigerns Wacht · Artus Streben · Rhosmere";"1";"Vorhanden";"Stammbäume/Stammbaum.html?family=haus-brinmarch&mode=view";""
"Haus Brithfaen";"Eigenes Register";"Cenyr";"Cenyr · Silberinsel · Silberbucht · Llanvane";"";"Illustration fehlt";"Stammbäume/Stammbaum.html?family=haus-brithfaen&mode=view";""
"Haus Brithyll O'Tredegar";"Eigenes Register";"Cenyr";"Cenyr · Graue Weite · Schimmerküste · Tredegar";"";"Illustration fehlt";"Stammbäume/Stammbaum.html?family=haus-brithyll&mode=view";""
"Haus Bronnor";"Eigenes Register";"Cenyr";"Cenyr · Tal der Milane · Yvains Klamm · Penbryn";"";"Illustration fehlt";"Stammbäume/Stammbaum.html?family=haus-bronnor&mode=view";""
"Haus Buadhtreun";"Im Stammbaum erwähnt";"Nur im Stammbaum erwähnt";"Keine eigenständige Registerzuordnung";"";"Illustration fehlt";"Stammbäume/Stammbaum.html?family=haus-ui-rochraide&mode=view";""
"Haus Caddach";"Im Stammbaum erwähnt";"Nur im Stammbaum erwähnt";"Keine eigenständige Registerzuordnung";"";"Illustration fehlt";"Stammbäume/Stammbaum.html?family=haus-dal-leite&mode=view";""
"Haus Cadhla";"Im Stammbaum erwähnt";"Nur im Stammbaum erwähnt";"Keine eigenständige Registerzuordnung";"1";"Vorhanden";"Stammbäume/Stammbaum.html?family=haus-airgid&mode=view";""
"Haus Caerdyn";"Eigenes Register";"Vennyr";"Vennyr · Tir Gogledd · Talfronwyn";"1";"Vorhanden";"Stammbäume/Stammbaum.html?family=haus-caerdyn&mode=view";""
"Haus Caerfrán";"Eigenes Register";"Cenyr";"Cenyr · Tal der Milane · Yvains Klamm · Penbryn";"";"Illustration fehlt";"Stammbäume/Stammbaum.html?family=haus-caerfran&mode=view";""
"Haus Caerlaen";"Eigenes Register";"Cenyr";"Cenyr · Celtigerns Wacht · Gwendolyns Ufer · Abergwint";"";"Illustration fehlt";"Stammbäume/Stammbaum.html?family=haus-caerlaen&mode=view";"Ziviles Schreibermotiv, keine Krieger- oder Rüstungsdarstellung."
"Haus Caerthwyn";"Eigenes Register";"Cenyr";"Cenyr · Celtigerns Wacht · Gwendolyns Ufer · Abergwint";"";"Illustration fehlt";"Stammbäume/Stammbaum.html?family=haus-caerthwyn&mode=view";"Ziviles Gelehrtenmotiv, keine Krieger- oder Rüstungsdarstellung."
"Haus Cairge";"Im Stammbaum erwähnt";"Nur im Stammbaum erwähnt";"Keine eigenständige Registerzuordnung";"1";"Vorhanden";"Stammbäume/Stammbaum.html?family=haus-tir-an-cuinn&mode=view";""
"Haus Camoran";"Im Stammbaum erwähnt";"Nur im Stammbaum erwähnt";"Keine eigenständige Registerzuordnung";"";"Illustration fehlt";"Stammbäume/Stammbaum.html?family=haus-mwyalchen&mode=view";""
"Haus Canwyll O'Llanvane";"Eigenes Register";"Cenyr";"Cenyr · Silberinsel · Silberbucht · Llanvane";"";"Illustration fehlt";"Stammbäume/Stammbaum.html?family=haus-canwyll&mode=view";""
"Haus Caolan";"Im Stammbaum erwähnt";"Nur im Stammbaum erwähnt";"Keine eigenständige Registerzuordnung";"";"Illustration fehlt";"Stammbäume/Stammbaum.html?family=haus-nic-holloran&mode=view";""
"Haus Carnegie";"Im Stammbaum erwähnt";"Nur im Stammbaum erwähnt";"Keine eigenständige Registerzuordnung";"1";"Vorhanden";"Stammbäume/Stammbaum.html?family=haus-tir-an-tordarroch&mode=view";""
"Haus Carwyn";"Eigenes Register";"Cenyr";"Cenyr · Weidebucht · Melwas Au · Cerrigarth";"";"Illustration fehlt";"Stammbäume/Stammbaum.html?family=haus-carwyn&mode=view";""
"Haus Casur";"Im Stammbaum erwähnt";"Nur im Stammbaum erwähnt";"Keine eigenständige Registerzuordnung";"";"Illustration fehlt";"Stammbäume/Stammbaum.html?family=haus-dal-leite&mode=view";""
"Haus Cath O'Mathragon";"Eigenes Register";"Cenyr";"Cenyr · Vortigerns Ruh · Tanwens Flamme · Mathragon";"";"Illustration fehlt";"Stammbäume/Stammbaum.html?family=haus-cath&mode=view";""
"Haus Ceallaigh";"Im Stammbaum erwähnt";"Nur im Stammbaum erwähnt";"Keine eigenständige Registerzuordnung";"";"Illustration fehlt";"Stammbäume/Stammbaum.html?family=haus-dal-cruthin&mode=view";""
"Haus Céin";"Im Stammbaum erwähnt";"Nur im Stammbaum erwähnt";"Keine eigenständige Registerzuordnung";"";"Illustration fehlt";"Stammbäume/Stammbaum.html?family=haus-wyrm&mode=view";""
"Haus Ceirwyn O'Calon";"Eigenes Register";"Cenyr";"Cenyr · Vortigerns Ruh · Uthers Aufstieg · Calon";"";"Illustration fehlt";"Stammbäume/Stammbaum.html?family=haus-ceirwyn&mode=view";""
"Haus Cenfig";"Eigenes Register";"Cenyr";"Cenyr · Celtigerns Wacht · Gwendolyns Ufer · Abergwint";"1";"Vorhanden";"Stammbäume/Stammbaum.html?family=haus-cenfig&mode=view";""
"Haus Cenyr";"Im Stammbaum erwähnt";"Nur im Stammbaum erwähnt";"Keine eigenständige Registerzuordnung";"";"Illustration fehlt";"Stammbäume/Stammbaum.html?family=haus-draig&mode=view";""
"Haus Cétchathach";"Im Stammbaum erwähnt";"Nur im Stammbaum erwähnt";"Keine eigenständige Registerzuordnung";"";"Illustration fehlt";"Stammbäume/Stammbaum.html?family=haus-ua-nic-ceinselaig&mode=view";""
"Haus Cétchthach";"Im Stammbaum erwähnt";"Nur im Stammbaum erwähnt";"Keine eigenständige Registerzuordnung";"";"Illustration fehlt";"Stammbäume/Stammbaum.html?family=haus-nic-holloran&mode=view";""
"Haus Céthachthach";"Im Stammbaum erwähnt";"Nur im Stammbaum erwähnt";"Keine eigenständige Registerzuordnung";"";"Illustration fehlt";"Stammbäume/Stammbaum.html?family=haus-ui-rochraide&mode=view";""
"Haus Cethrenn";"Im Stammbaum erwähnt";"Nur im Stammbaum erwähnt";"Keine eigenständige Registerzuordnung";"";"Illustration fehlt";"Stammbäume/Stammbaum.html?family=haus-ui-rochraide&mode=view";""
"Haus Chiffyddlon O'Glyndraith";"Eigenes Register";"Cenyr";"Cenyr · Ährental · Ausgestorben";"";"Illustration fehlt";"Stammbäume/Stammbaum.html?family=haus-chiffyddlon&mode=view";""
"Haus Chulainn";"Im Stammbaum erwähnt";"Nur im Stammbaum erwähnt";"Keine eigenständige Registerzuordnung";"";"Illustration fehlt";"Stammbäume/Stammbaum.html?family=haus-gallchobhair&mode=view";""
"Haus Chuulain";"Im Stammbaum erwähnt";"Nur im Stammbaum erwähnt";"Keine eigenständige Registerzuordnung";"";"Illustration fehlt";"Stammbäume/Stammbaum.html?family=haus-mac-ard-cumhaill&mode=view";""
"Haus Chwedonol";"Eigenes Register";"Cenyr";"Cenyr · Celtigerns Wacht · Llamreis Ankunft · Gwynthor";"1";"Vorhanden";"Stammbäume/Stammbaum.html?family=haus-chwedlonol&mode=view";""
"Haus Ciaróg O'Caer Diwedd";"Eigenes Register";"Cenyr";"Cenyr · Ährental · Graue Bucht · Caer Diwedd";"";"Illustration fehlt";"Stammbäume/Stammbaum.html?family=haus-ciarog&mode=view";""
"Haus Cledrann";"Eigenes Register";"Cenyr";"Cenyr · Klaueninsel · Sturmklaue · Talgarth";"";"Illustration fehlt";"Stammbäume/Stammbaum.html?family=haus-cledrann&mode=view";""
"Haus Cléirigh";"Im Stammbaum erwähnt";"Nur im Stammbaum erwähnt";"Keine eigenständige Registerzuordnung";"";"Illustration fehlt";"Stammbäume/Stammbaum.html?family=haus-ui-rochraide&mode=view";""
"Haus Cludwyr";"Eigenes Register";"Cenyr";"Cenyr · Celtigerns Wacht · Llamreis Ankunft · Gwynthor";"1";"Vorhanden";"Stammbäume/Stammbaum.html?family=haus-cludwyr&mode=view";""
"Haus Cnogan";"Im Stammbaum erwähnt";"Nur im Stammbaum erwähnt";"Keine eigenständige Registerzuordnung";"";"Illustration fehlt";"Stammbäume/Stammbaum.html?family=haus-ua-nic-ceinselaig&mode=view";""
"Haus Coeddu";"Eigenes Register";"Cenyr";"Cenyr · Celtigerns Wacht · Llamreis Ankunft · Gwynthor";"1";"Vorhanden";"Stammbäume/Stammbaum.html?family=haus-coeddu&mode=view";""
"Haus Coedrudd";"Eigenes Register";"Cenyr";"Cenyr · Tal der Milane · Yvains Klamm · Penbryn";"";"Illustration fehlt";"Stammbäume/Stammbaum.html?family=haus-coedrudd&mode=view";""
"Haus Coedvarn";"Eigenes Register";"Cenyr";"Cenyr · Celtigerns Wacht · Artus Streben · Rhosmere";"1";"Vorhanden";"Stammbäume/Stammbaum.html?family=haus-coedvarn&mode=view";""
"Haus Coedwig O'Llanfyn";"Eigenes Register";"Cenyr";"Cenyr · Graue Weite · Achatsee · Llanfyn";"";"Illustration fehlt";"Stammbäume/Stammbaum.html?family=haus-coedwig&mode=view";""
"Haus Connchobhair";"Im Stammbaum erwähnt";"Nur im Stammbaum erwähnt";"Keine eigenständige Registerzuordnung";"";"Illustration fehlt";"Stammbäume/Stammbaum.html?family=haus-craobhan&mode=view";""
"Haus Conochbhair";"Im Stammbaum erwähnt";"Nur im Stammbaum erwähnt";"Keine eigenständige Registerzuordnung";"1";"Vorhanden";"Stammbäume/Stammbaum.html?family=haus-aderyn&mode=view";""
"Haus Corant";"Eigenes Register";"Cenyr";"Cenyr · Silberinsel · Silberbucht · Llanvane";"";"Illustration fehlt";"Stammbäume/Stammbaum.html?family=haus-corant&mode=view";""
"Haus Corlyn";"Eigenes Register";"Cenyr";"Cenyr · Weidebucht · Melwas Au · Cerrigarth";"";"Illustration fehlt";"Stammbäume/Stammbaum.html?family=haus-corlyn&mode=view";""
"Haus Corónach";"Im Stammbaum erwähnt";"Nur im Stammbaum erwähnt";"Keine eigenständige Registerzuordnung";"";"Illustration fehlt";"Stammbäume/Stammbaum.html?family=haus-tir-an-tordarroch&mode=view";""
"Haus Couldwin";"Im Stammbaum erwähnt";"Nur im Stammbaum erwähnt";"Keine eigenständige Registerzuordnung";"";"Illustration fehlt";"Stammbäume/Stammbaum.html?family=haus-grael&mode=view";""
"Haus Crafanc O'Talgarth";"Eigenes Register";"Cenyr";"Cenyr · Klaueninsel · Sturmklaue · Talgarth";"";"Illustration fehlt";"Stammbäume/Stammbaum.html?family=haus-crafanc&mode=view";""
"Haus Craigddu";"Eigenes Register";"Cenyr";"Cenyr · Celtigerns Wacht · Llamreis Ankunft · Gwynthor";"1";"Vorhanden";"Stammbäume/Stammbaum.html?family=craigddu&mode=view";""
"Haus Crefyddol O'Llanvane";"Eigenes Register";"Cenyr";"Cenyr · Silberinsel · Silberbucht · Llanvane";"";"Illustration fehlt";"Stammbäume/Stammbaum.html?family=haus-crefyddol&mode=view";""
"Haus Créyr O'Esgairmor";"Eigenes Register";"Cenyr";"Cenyr · Weidebucht · Dunstholm · Esgairmor";"";"Illustration fehlt";"Stammbäume/Stammbaum.html?family=haus-creyr&mode=view";""
"Haus Crwynog";"Eigenes Register";"Vennyr";"Vennyr · Tir Mynddoedd · Gwynlann";"1";"Vorhanden";"Stammbäume/Stammbaum.html?family=haus-crwynog&mode=view";""
"Haus Cuilen";"Im Stammbaum erwähnt";"Nur im Stammbaum erwähnt";"Keine eigenständige Registerzuordnung";"1";"Vorhanden";"Stammbäume/Stammbaum.html?family=haus-tiwna&mode=view";""
"Haus Cumhail";"Im Stammbaum erwähnt";"Nur im Stammbaum erwähnt";"Keine eigenständige Registerzuordnung";"";"Illustration fehlt";"Stammbäume/Stammbaum.html?family=haus-draig&mode=view";""
"Haus Cwingod O'Morea";"Eigenes Register";"Cenyr";"Cenyr · Klaueninsel · Talklaue · Cra Fryn";"";"Illustration fehlt";"Stammbäume/Stammbaum.html?family=haus-cwningod&mode=view";""
"Haus Cyfrif";"Eigenes Register";"Cenyr";"Cenyr · Vortigerns Ruh · Tanwens Flamme · Mathragon";"";"Illustration fehlt";"Stammbäume/Stammbaum.html?family=haus-cyfrif&mode=view";""
"Haus Cymrath O'Traethlan";"Eigenes Register";"Cenyr";"Cenyr · Celtigerns Wacht · Llamreis Ankunft · Tŵr Traethlan";"";"Illustration fehlt";"Stammbäume/Stammbaum.html?family=haus-cymrath-o-traethlan&mode=view";""
"Haus Cyrwain";"Eigenes Register";"Cenyr";"Cenyr · Sonnenküste · Gersteküste · Aberon";"";"Illustration fehlt";"Stammbäume/Stammbaum.html?family=haus-cyrwain&mode=view";""
"Haus Cysgodion";"Eigenes Register";"Cenyr";"Cenyr · Celtigerns Wacht · Gwendolyns Ufer · Abergwint";"1";"Vorhanden";"Stammbäume/Stammbaum.html?family=haus-cysgodion&mode=view";""
"Haus Daran";"Eigenes Register";"Cenyr";"Cenyr · Celtigerns Wacht · Gwendolyns Ufer · Garwfaen";"1";"Vorhanden";"Stammbäume/Stammbaum.html?family=haus-daran&mode=view";""
"Haus Ddraenen";"Eigenes Register";"Cenyr";"Cenyr · Klaueninsel · Sturmklaue · Talgarth";"";"Illustration fehlt";"Stammbäume/Stammbaum.html?family=haus-ddraenen&mode=view";""
"Haus Deaghaide";"Im Stammbaum erwähnt";"Nur im Stammbaum erwähnt";"Keine eigenständige Registerzuordnung";"";"Illustration fehlt";"Stammbäume/Stammbaum.html?family=haus-nic-blar&mode=view";""
"Haus Delvor";"Eigenes Register";"Cenyr";"Cenyr · Silberinsel · Silberbucht · Llanvane";"";"Illustration fehlt";"Stammbäume/Stammbaum.html?family=haus-delvor&mode=view";""
"Haus Derlan";"Eigenes Register";"Cenyr";"Cenyr · Weidebucht · Melwas Au · Cerrigarth";"";"Illustration fehlt";"Stammbäume/Stammbaum.html?family=haus-derlan&mode=view";""
"Haus Deyrn";"Eigenes Register";"Cenyr";"Cenyr · Weidebucht · Melwas Au · Cerrigarth";"";"Illustration fehlt";"Stammbäume/Stammbaum.html?family=haus-deyrn&mode=view";""
"Haus Diafol O'Talgarth";"Eigenes Register";"Cenyr";"Cenyr · Klaueninsel · Sturmklaue · Talgarth";"";"Illustration fehlt";"Stammbäume/Stammbaum.html?family=haus-diafol-talgarth&mode=view";""
"Haus Diafol O'Trefgoch";"Eigenes Register";"Vennyr";"Vennyr · Tir Gogledd · Trefgoch";"";"Illustration fehlt";"Stammbäume/Stammbaum.html?family=haus-diafol&mode=view";""
"Haus Dianc O'Aberdail";"Eigenes Register";"Cenyr";"Cenyr · Klaueninsel · Blutklaue · Aberdail";"";"Illustration fehlt";"Stammbäume/Stammbaum.html?family=haus-dianc-aberdail&mode=view";""
"Haus Dianc O'Gwynlann";"Eigenes Register";"Vennyr";"Vennyr · Tir Mynddoedd · Gwynlann";"";"Illustration fehlt";"Stammbäume/Stammbaum.html?family=haus-dianc&mode=view";""
"Haus Dienyddiwr O'Mathragon";"Eigenes Register";"Cenyr";"Cenyr · Vortigerns Ruh · Tanwens Flamme · Mathragon";"";"Illustration fehlt";"Stammbäume/Stammbaum.html?family=haus-dienyddiwr&mode=view";""
"Haus Dinefwr O'Cerrigarth";"Eigenes Register";"Cenyr";"Cenyr · Weidebucht · Melwas Au · Cerrigarth";"";"Illustration fehlt";"Stammbäume/Stammbaum.html?family=haus-dinefwr&mode=view";""
"Haus Diuid";"Im Stammbaum erwähnt";"Nur im Stammbaum erwähnt";"Keine eigenständige Registerzuordnung";"";"Illustration fehlt";"Stammbäume/Stammbaum.html?family=haus-arth&mode=view";""
"Haus Diulb";"Im Stammbaum erwähnt";"Nur im Stammbaum erwähnt";"Keine eigenständige Registerzuordnung";"";"Illustration fehlt";"Stammbäume/Stammbaum.html?family=haus-draig&mode=view";""
"Haus Dobhar";"Im Stammbaum erwähnt";"Nur im Stammbaum erwähnt";"Keine eigenständige Registerzuordnung";"2";"Vorhanden";"Stammbäume/Stammbaum.html?family=haus-mochdaer-gwyliau&mode=view";""
"Haus Donvael";"Eigenes Register";"Cenyr";"Cenyr · Sonnenküste · Gersteküste · Aberon";"";"Illustration fehlt";"Stammbäume/Stammbaum.html?family=haus-donvael&mode=view";""
"Haus Donwyr";"Eigenes Register";"Cenyr";"Cenyr · Sonnenküste · Gersteküste · Aberon";"";"Illustration fehlt";"Stammbäume/Stammbaum.html?family=haus-donwyr&mode=view";""
"Haus Draenmelyn";"Eigenes Register";"Cenyr";"Cenyr · Celtigerns Wacht · Llamreis Ankunft · Gwynthor";"";"Illustration fehlt";"Stammbäume/Stammbaum.html?family=haus-draenmelyn&mode=view";""
"Haus Draenog O'Llanforwyn";"Eigenes Register";"Cenyr";"Cenyr · Graue Weite · Silberwald · Llanforwyn";"";"Illustration fehlt";"Stammbäume/Stammbaum.html?family=haus-draenog&mode=view";""
"Haus Draig";"Eigenes Register";"Cenyr";"Cenyr · Celtigerns Wacht · Llamreis Ankunft · Gwynthor";"14";"Vorhanden";"Stammbäume/Stammbaum.html?family=haus-draig&mode=view";""
"Haus Dreigiau";"Im Stammbaum erwähnt";"Nur im Stammbaum erwähnt";"Keine eigenständige Registerzuordnung";"";"Illustration fehlt";"Stammbäume/Stammbaum.html?family=haus-draig&mode=view";""
"Haus Drewi";"Eigenes Register";"Vennyr";"Vennyr · Tir Gogledd · Dyfryn";"1";"Vorhanden";"Stammbäume/Stammbaum.html?family=haus-drewi&mode=view";""
"Haus Dubglais";"Im Stammbaum erwähnt";"Nur im Stammbaum erwähnt";"Keine eigenständige Registerzuordnung";"";"Illustration fehlt";"Stammbäume/Stammbaum.html?family=haus-blodyn&mode=view";""
"Haus Dubhan";"Eigenes Register";"Cenyr";"Cenyr · Celtigerns Wacht · Llamreis Ankunft · Gwynthor";"1";"Vorhanden";"Stammbäume/Stammbaum.html?family=haus-dubhan-gwynthor&mode=view";""
"Haus Dublais";"Im Stammbaum erwähnt";"Nur im Stammbaum erwähnt";"Keine eigenständige Registerzuordnung";"";"Illustration fehlt";"Stammbäume/Stammbaum.html?family=haus-arfordir&mode=view";""
"Haus Duff";"Im Stammbaum erwähnt";"Nur im Stammbaum erwähnt";"Keine eigenständige Registerzuordnung";"1";"Vorhanden";"Stammbäume/Stammbaum.html?family=haus-craobhan&mode=view";""
"Haus Duibhne";"Im Stammbaum erwähnt";"Nur im Stammbaum erwähnt";"Keine eigenständige Registerzuordnung";"";"Illustration fehlt";"Stammbäume/Stammbaum.html?family=haus-draig&mode=view";""
"Haus Duilb";"Im Stammbaum erwähnt";"Nur im Stammbaum erwähnt";"Keine eigenständige Registerzuordnung";"";"Illustration fehlt";"Stammbäume/Stammbaum.html?family=haus-ui-rochraide&mode=view";""
"Haus Dundas";"Im Stammbaum erwähnt";"Nur im Stammbaum erwähnt";"Keine eigenständige Registerzuordnung";"1";"Vorhanden";"Stammbäume/Stammbaum.html?family=haus-ruin-ua-laoch&mode=view";""
"Haus Dùrachd";"Im Stammbaum erwähnt";"Nur im Stammbaum erwähnt";"Keine eigenständige Registerzuordnung";"1";"Vorhanden";"Stammbäume/Stammbaum.html?family=haus-grawn&mode=view";""
"Haus Durdynn";"Eigenes Register";"Cenyr";"Cenyr · Tal der Milane · Yvains Klamm · Penbryn";"";"Illustration fehlt";"Stammbäume/Stammbaum.html?family=haus-durdynn&mode=view";""
"Haus Dyfrgi O'Caer Cryftlawd";"Eigenes Register";"Cenyr";"Cenyr · Klaueninsel · Talklaue · Caer Cryftlawd";"";"Illustration fehlt";"Stammbäume/Stammbaum.html?family=haus-dyfrgi-caer-cryftlawd&mode=view";""
"Haus Dyfrgi O'Mynyddharbwr";"Eigenes Register";"Vennyr";"Vennyr · Tir Gorllewin · Mynyddharbwr";"";"Illustration fehlt";"Stammbäume/Stammbaum.html?family=haus-dyfrgi&mode=view";""
"Haus Dyger";"Eigenes Register";"Cenyr";"Cenyr · Klaueninsel · Sturmklaue · Talgarth";"";"Illustration fehlt";"Stammbäume/Stammbaum.html?family=haus-dyger&mode=view";""
"Haus Dyngwn O'Mathragon";"Eigenes Register";"Cenyr";"Cenyr · Vortigerns Ruh · Tanwens Flamme · Mathragon";"";"Illustration fehlt";"Stammbäume/Stammbaum.html?family=haus-dyngwn&mode=view";""
"Haus Eachtrai";"Im Stammbaum erwähnt";"Nur im Stammbaum erwähnt";"Keine eigenständige Registerzuordnung";"";"Illustration fehlt";"Stammbäume/Stammbaum.html?family=haus-tir-an-tordarroch&mode=view";""
"Haus Eala";"Im Stammbaum erwähnt";"Nur im Stammbaum erwähnt";"Keine eigenständige Registerzuordnung";"";"Illustration fehlt";"Stammbäume/Stammbaum.html?family=haus-dal-leite&mode=view";""
"Haus Earncynne";"Eigenes Register";"Aeldrunmar";"Aeldrunmar · Jarltum der Earncynne";"";"Illustration fehlt";"Stammbäume/Stammbaum.html?family=haus-earncynne&mode=view";""
"Haus Edmy";"Eigenes Register";"Cenyr";"Cenyr · Celtigerns Wacht · Gwendolyns Ufer · Abergwint";"1";"Vorhanden";"Stammbäume/Stammbaum.html?family=haus-edmy&mode=view";""
"Haus Eirfael";"Eigenes Register";"Cenyr";"Cenyr · Celtigerns Wacht · Artus Streben · Rhosmere";"1";"Vorhanden";"Stammbäume/Stammbaum.html?family=haus-eirfael&mode=view";""
"Haus Eirth O'Caer Glaslyn";"Eigenes Register";"Cenyr";"Cenyr · Klaueninsel · Nebelklaue · Caer Glaslyn";"";"Illustration fehlt";"Stammbäume/Stammbaum.html?family=haus-eirth&mode=view";""
"Haus Eisbrand";"Eigenes Register";"Aldrimar";"Aldrimar · Schwarzfenn · Todesfenn · Hallsvalr";"";"Illustration fehlt";"Stammbäume/Stammbaum.html?family=haus-eisbrand&mode=view";""
"Haus Eisenherz";"Im Stammbaum erwähnt";"Nur im Stammbaum erwähnt";"Keine eigenständige Registerzuordnung";"";"Illustration fehlt";"Stammbäume/Stammbaum.html?family=haus-draig&mode=view";""
"Haus Eldrath";"Im Stammbaum erwähnt";"Nur im Stammbaum erwähnt";"Keine eigenständige Registerzuordnung";"";"Illustration fehlt";"Stammbäume/Stammbaum.html?family=haus-illysywen&mode=view";""
"Haus Eneiniog";"Eigenes Register";"Cenyr";"Cenyr · Celtigerns Wacht · Llamreis Ankunft · Gwynthor";"1";"Vorhanden";"Stammbäume/Stammbaum.html?family=haus-eneiniog&mode=view";""
"Haus eoghainn";"Im Stammbaum erwähnt";"Nur im Stammbaum erwähnt";"Keine eigenständige Registerzuordnung";"";"Illustration fehlt";"Stammbäume/Stammbaum.html?family=haus-ui-rochraide&mode=view";""
"Haus Eóghhainn";"Im Stammbaum erwähnt";"Nur im Stammbaum erwähnt";"Keine eigenständige Registerzuordnung";"";"Illustration fehlt";"Stammbäume/Stammbaum.html?family=haus-illewod&mode=view";""
"Haus Erskine";"Im Stammbaum erwähnt";"Nur im Stammbaum erwähnt";"Keine eigenständige Registerzuordnung";"1";"Vorhanden";"Stammbäume/Stammbaum.html?family=haus-tiwna&mode=view";""
"Haus Eryr O'Penbryn";"Eigenes Register";"Cenyr";"Cenyr · Tal der Milane · Yvains Klamm · Penbryn";"";"Illustration fehlt";"Stammbäume/Stammbaum.html?family=haus-eryr&mode=view";""
"Haus Estmere";"Eigenes Register";"Aeldrunmar";"Aeldrunmar · Jarltum der Estmere";"";"Illustration fehlt";"Stammbäume/Stammbaum.html?family=haus-estmere&mode=view";""
"Haus Faelcaran";"Eigenes Register";"Cenyr";"Cenyr · Silberinsel · Silberbucht · Llanvane";"";"Illustration fehlt";"Stammbäume/Stammbaum.html?family=haus-faelcaran&mode=view";""
"Haus Faelwyn";"Eigenes Register";"Cenyr";"Cenyr · Tal der Milane · Yvains Klamm · Penbryn";"";"Illustration fehlt";"Stammbäume/Stammbaum.html?family=haus-faelwyn&mode=view";""
"Haus Falchdyn";"Eigenes Register";"Cenyr";"Cenyr · Celtigerns Wacht · Llamreis Ankunft · Gwynthor";"1";"Vorhanden";"Stammbäume/Stammbaum.html?family=haus-falchdyn&mode=view";""
"Haus Falveri";"Eigenes Register";"Venalys";"Venalys";"";"Illustration fehlt";"Stammbäume/Stammbaum.html?family=haus-falveri&mode=view";""
"Haus Farraigeach";"Im Stammbaum erwähnt";"Nur im Stammbaum erwähnt";"Keine eigenständige Registerzuordnung";"";"Illustration fehlt";"Stammbäume/Stammbaum.html?family=haus-an-morchoe&mode=view";""
"Haus Fastaigh";"Im Stammbaum erwähnt";"Nur im Stammbaum erwähnt";"Keine eigenständige Registerzuordnung";"1";"Vorhanden";"Stammbäume/Stammbaum.html?family=haus-ruitheach&mode=view";""
"Haus Feannag";"Im Stammbaum erwähnt";"Nur im Stammbaum erwähnt";"Keine eigenständige Registerzuordnung";"";"Illustration fehlt";"Stammbäume/Stammbaum.html?family=haus-mac-tuirseach&mode=view";""
"Haus Fenor";"Eigenes Register";"Cenyr";"Cenyr · Sonnenküste · Gersteküste · Aberon";"";"Illustration fehlt";"Stammbäume/Stammbaum.html?family=haus-fenor&mode=view";""
"Haus Ferlan";"Eigenes Register";"Cenyr";"Cenyr · Silberinsel · Silberbucht · Llanvane";"";"Illustration fehlt";"Stammbäume/Stammbaum.html?family=haus-ferlan&mode=view";""
"Haus Ffwnarch";"Eigenes Register";"Cenyr";"Cenyr · Tal der Milane · Yvains Klamm · Penbryn";"";"Illustration fehlt";"Stammbäume/Stammbaum.html?family=haus-ffwnarch&mode=view";""
"Haus Fiantorc";"Im Stammbaum erwähnt";"Nur im Stammbaum erwähnt";"Keine eigenständige Registerzuordnung";"";"Illustration fehlt";"Stammbäume/Stammbaum.html?family=haus-todbrand&mode=view";""
"Haus Fintain";"Im Stammbaum erwähnt";"Nur im Stammbaum erwähnt";"Keine eigenständige Registerzuordnung";"";"Illustration fehlt";"Stammbäume/Stammbaum.html?family=haus-ua-nic-ceinselaig&mode=view";""
"Haus Fíoghrrhá";"Im Stammbaum erwähnt";"Nur im Stammbaum erwähnt";"Keine eigenständige Registerzuordnung";"";"Illustration fehlt";"Stammbäume/Stammbaum.html?family=haus-dal-leite&mode=view";""
"Haus Follmhar";"Im Stammbaum erwähnt";"Nur im Stammbaum erwähnt";"Keine eigenständige Registerzuordnung";"";"Illustration fehlt";"Stammbäume/Stammbaum.html?family=haus-arth&mode=view";""
"Haus Frostgeborene";"Eigenes Register";"Aldrimar";"Aldrimar · Roriksheim · Rorikstal · Rorikshall";"";"Illustration fehlt";"Stammbäume/Stammbaum.html?family=haus-frostgeborene&mode=view";""
"Haus Frye";"Eigenes Register";"Aeldrunmar";"Aeldrunmar · Jarltum der Fyr";"";"Illustration fehlt";"Stammbäume/Stammbaum.html?family=haus-frye&mode=view";""
"Haus Gaeth O'Penllyn";"Eigenes Register";"Cenyr";"Cenyr · Tal der Milane · Taubenfurt · Penllyn";"";"Illustration fehlt";"Stammbäume/Stammbaum.html?family=haus-gaeth&mode=view";""
"Haus Gafyr";"Eigenes Register";"Cenyr";"Cenyr · Celtigerns Wacht · Llamreis Ankunft · Gwynthor";"1";"Vorhanden";"Stammbäume/Stammbaum.html?family=haus-gafyr&mode=view";""
"Haus Gáirnér";"Im Stammbaum erwähnt";"Nur im Stammbaum erwähnt";"Keine eigenständige Registerzuordnung";"";"Illustration fehlt";"Stammbäume/Stammbaum.html?family=haus-dal-leite&mode=view";""
"Haus Gaisgh";"Im Stammbaum erwähnt";"Nur im Stammbaum erwähnt";"Keine eigenständige Registerzuordnung";"";"Illustration fehlt";"Stammbäume/Stammbaum.html?family=haus-dal-t-saor&mode=view";""
"Haus Garan";"Eigenes Register";"Cenyr";"Cenyr · Weidebucht · Melwas Au · Cerrigarth";"";"Illustration fehlt";"Stammbäume/Stammbaum.html?family=haus-garan&mode=view";""
"Haus Garrael";"Eigenes Register";"Cenyr";"Cenyr · Celtigerns Wacht · Camruisge · Aberllan";"1";"Vorhanden";"Stammbäume/Stammbaum.html?family=haus-garrael&mode=view";""
"Haus Gealán";"Im Stammbaum erwähnt";"Nur im Stammbaum erwähnt";"Keine eigenständige Registerzuordnung";"1";"Vorhanden";"Stammbäume/Stammbaum.html?family=haus-ruitheach&mode=view";""
"Haus Gelyn";"Eigenes Register";"Cenyr";"Cenyr · Celtigerns Wacht · Llamreis Ankunft · Gwynthor";"1";"Vorhanden";"Stammbäume/Stammbaum.html?family=haus-gelyn&mode=view";""
"Haus Ghaisgh";"Im Stammbaum erwähnt";"Nur im Stammbaum erwähnt";"Keine eigenständige Registerzuordnung";"";"Illustration fehlt";"Stammbäume/Stammbaum.html?family=haus-an-bhaird&mode=view";""
"Haus Ghorswyn";"Eigenes Register";"Cenyr";"Cenyr · Celtigerns Wacht · Artus Streben · Rhosmere";"1";"Vorhanden";"Stammbäume/Stammbaum.html?family=haus-ghorswyn&mode=view";""
"Haus Giolla";"Im Stammbaum erwähnt";"Nur im Stammbaum erwähnt";"Keine eigenständige Registerzuordnung";"1";"Vorhanden";"Stammbäume/Stammbaum.html?family=haus-gortach&mode=view";""
"Haus Goidin";"Im Stammbaum erwähnt";"Nur im Stammbaum erwähnt";"Keine eigenständige Registerzuordnung";"";"Illustration fehlt";"Stammbäume/Stammbaum.html?family=haus-craobhan&mode=view";""
"Haus Goldbär";"Im Stammbaum erwähnt";"Nur im Stammbaum erwähnt";"Keine eigenständige Registerzuordnung";"";"Illustration fehlt";"Stammbäume/Stammbaum.html?family=haus-hebog&mode=view";""
"Haus Gostyn";"Eigenes Register";"Cenyr";"Cenyr · Celtigerns Wacht · Llamreis Ankunft · Gwynthor";"1";"Vorhanden";"Stammbäume/Stammbaum.html?family=haus-gostyn&mode=view";""
"Haus Grael O'Mathragon";"Eigenes Register";"Cenyr";"Cenyr · Vortigerns Ruh · Tanwens Flamme · Mathragon";"";"Illustration fehlt";"Stammbäume/Stammbaum.html?family=haus-grael&mode=view";""
"Haus grannd";"Im Stammbaum erwähnt";"Nur im Stammbaum erwähnt";"Keine eigenständige Registerzuordnung";"1";"Vorhanden";"Stammbäume/Stammbaum.html?family=haus-balauric&mode=view";""
"Haus Grawn";"Eigenes Register";"Cenyr";"Cenyr · Ährental · Tristams Ebene · Glyndraith";"";"Illustration fehlt";"Stammbäume/Stammbaum.html?family=haus-grawn&mode=view";""
"Haus Grianlaoch";"Eigenes Register";"Cenyr";"Cenyr · Sonnenküste · Gersteküste · Aberon";"";"Illustration fehlt";"Stammbäume/Stammbaum.html?family=haus-grianlaoch&mode=view";""
"Haus Grodach";"Im Stammbaum erwähnt";"Nur im Stammbaum erwähnt";"Keine eigenständige Registerzuordnung";"";"Illustration fehlt";"Stammbäume/Stammbaum.html?family=haus-dal-leite&mode=view";""
"Haus Gwaedlyd O'Caer Gorwel";"Eigenes Register";"Vennyr";"Vennyr · Tir Arfordir · Caer Gorwel";"";"Illustration fehlt";"Stammbäume/Stammbaum.html?family=haus-gwaedlyd&mode=view";""
"Haus Gwaedlyd O'Tredegar";"Eigenes Register";"Cenyr";"Cenyr · Graue Weite · Schimmerküste · Tredegar";"";"Illustration fehlt";"Stammbäume/Stammbaum.html?family=haus-gwaedlyd-tredegar&mode=view";""
"Haus Gwaedryn";"Eigenes Register";"Cenyr";"Cenyr · Sonnenküste · Gersteküste · Aberon";"";"Illustration fehlt";"Stammbäume/Stammbaum.html?family=haus-gwaedryn&mode=view";""
"Haus Gwanrhyd";"Eigenes Register";"Vennyr";"Vennyr · Tir Dwyrain · Branon";"1";"Vorhanden";"Stammbäume/Stammbaum.html?family=haus-gwanrhyd&mode=view";""
"Haus Gwarchod O'Glyndraith";"Eigenes Register";"Cenyr";"Cenyr · Ährental · Ausgestorben";"";"Illustration fehlt";"Stammbäume/Stammbaum.html?family=haus-gwarchod&mode=view";""
"Haus Gwardin";"Eigenes Register";"Cenyr";"Cenyr · Celtigerns Wacht · Artus Streben · Rhosmere";"1";"Vorhanden";"Stammbäume/Stammbaum.html?family=haus-gwardin&mode=view";""
"Haus Gwared";"Eigenes Register";"Cenyr";"Cenyr · Celtigerns Wacht · Rhonwens Tränen · Castellbryn";"1";"Vorhanden";"Stammbäume/Stammbaum.html?family=haus-gwared&mode=view";""
"Haus Gwefrydd";"Eigenes Register";"Cenyr";"Cenyr · Celtigerns Wacht · Artus Streben · Rhosmere";"1";"Vorhanden";"Stammbäume/Stammbaum.html?family=haus-gwefrydd&mode=view";""
"Haus Gwenyen";"Eigenes Register";"Vennyr";"Vennyr · Tir Arfordir · Gwych";"1";"Vorhanden";"Stammbäume/Stammbaum.html?family=haus-gwenyen&mode=view";""
"Haus Gwernhelyd";"Eigenes Register";"Cenyr";"Cenyr · Klaueninsel · Sturmklaue · Talgarth";"";"Illustration fehlt";"Stammbäume/Stammbaum.html?family=haus-gwernhelyd&mode=view";""
"Haus Gwialen O'Tredegar";"Eigenes Register";"Cenyr";"Cenyr · Graue Weite · Schimmerküste · Tredegar";"";"Illustration fehlt";"Stammbäume/Stammbaum.html?family=haus-gwialen&mode=view";""
"Haus Gwylen";"Eigenes Register";"Cenyr";"Cenyr · Tal der Milane · Yvains Klamm · Penbryn";"";"Illustration fehlt";"Stammbäume/Stammbaum.html?family=haus-gwylen&mode=view";""
"Haus Gwyliadwr";"Eigenes Register";"Cenyr";"Cenyr · Tal der Milane · Yvains Klamm · Penbryn";"";"Illustration fehlt";"Stammbäume/Stammbaum.html?family=haus-gwyliadwr&mode=view";""
"Haus Gwyllach";"Eigenes Register";"Cenyr";"Cenyr · Celtigerns Wacht · Llamreis Ankunft · Gwynthor";"1";"Vorhanden";"Stammbäume/Stammbaum.html?family=haus-gwyllach&mode=view";""
"Haus Gwynrhos";"Eigenes Register";"Cenyr";"Cenyr · Celtigerns Wacht · Artus Streben · Rhosmere";"1";"Vorhanden";"Stammbäume/Stammbaum.html?family=haus-gwynrhos&mode=view";""
"Haus Gwyntell";"Eigenes Register";"Cenyr";"Cenyr · Tal der Milane · Yvains Klamm · Penbryn";"";"Illustration fehlt";"Stammbäume/Stammbaum.html?family=haus-gwyntell&mode=view";""
"Haus Gwyntog";"Eigenes Register";"Cenyr";"Cenyr · Celtigerns Wacht · Gwendolyns Ufer · Abergwint";"1";"Vorhanden";"Stammbäume/Stammbaum.html?family=haus-gwyntog&mode=view";""
"Haus Gwythiad";"Eigenes Register";"Cenyr";"Cenyr · Ährental · Tristams Ebene · Glyndraith";"";"Illustration fehlt";"Stammbäume/Stammbaum.html?family=haus-gwythiad&mode=view";""
"Haus Gwyvern";"Eigenes Register";"Cenyr";"Cenyr · Celtigerns Wacht · Gwendolyns Ufer · Abergwint";"1";"Vorhanden";"Stammbäume/Stammbaum.html?family=haus-gwyvern&mode=view";""
"Haus Haig";"Im Stammbaum erwähnt";"Nur im Stammbaum erwähnt";"Keine eigenständige Registerzuordnung";"1";"Vorhanden";"Stammbäume/Stammbaum.html?family=haus-mochdaer-gwyliau&mode=view";""
"Haus Haigh";"Im Stammbaum erwähnt";"Nur im Stammbaum erwähnt";"Keine eigenständige Registerzuordnung";"";"Illustration fehlt";"Stammbäume/Stammbaum.html?family=haus-arth&mode=view";""
"Haus Halbrecht";"Im Stammbaum erwähnt";"Nur im Stammbaum erwähnt";"Keine eigenständige Registerzuordnung";"";"Illustration fehlt";"Stammbäume/Stammbaum.html?family=haus-helgr&mode=view";""
"Haus Halenwych";"Eigenes Register";"Cenyr";"Cenyr · Klaueninsel · Sturmklaue · Talgarth";"";"Illustration fehlt";"Stammbäume/Stammbaum.html?family=haus-halenwych&mode=view";""
"Haus Heaghra";"Im Stammbaum erwähnt";"Nur im Stammbaum erwähnt";"Keine eigenständige Registerzuordnung";"";"Illustration fehlt";"Stammbäume/Stammbaum.html?family=haus-teyrngarch&mode=view";""
"Haus Hebog O'Talwyn";"Eigenes Register";"Cenyr";"Cenyr · Tal der Milane · Falkenhöh · Talwyn";"";"Illustration fehlt";"Stammbäume/Stammbaum.html?family=haus-hebog&mode=view";""
"Haus Helyg";"Eigenes Register";"Cenyr";"Cenyr · Tal der Milane · Yvains Klamm · Penbryn";"";"Illustration fehlt";"Stammbäume/Stammbaum.html?family=haus-helyg&mode=view";""
"Haus Hirschhorn";"Eigenes Register";"Cenyr";"Cenyr · Klaueninsel · Sturmklaue · Talgarth";"";"Illustration fehlt";"Stammbäume/Stammbaum.html?family=haus-hirschhorn&mode=view";""
"Haus Hwyaden O'Trefyddin";"Eigenes Register";"Cenyr";"Cenyr · Weidebucht · Borkenstein · Trefyddin";"";"Illustration fehlt";"Stammbäume/Stammbaum.html?family=haus-hwyaden&mode=view";""
"Haus Illewod";"Eigenes Register";"Cenyr";"Cenyr · Sonnenküste · Gersteküste · Aberon";"";"Illustration fehlt";"Stammbäume/Stammbaum.html?family=haus-illewod&mode=view";""
"Haus Illwath O'Caer Llew";"Eigenes Register";"Cenyr";"Cenyr · Sonnenküste · Löwenberg · Caer Llew";"";"Illustration fehlt";"Stammbäume/Stammbaum.html?family=haus-illwath&mode=view";""
"Haus Illygoden O'Tirwedd";"Eigenes Register";"Vennyr";"Vennyr · Tir Dwyrain · Tirwedd";"";"Illustration fehlt";"Stammbäume/Stammbaum.html?family=haus-illygoden&mode=view";""
"Haus Illygoden O'Tredegar";"Eigenes Register";"Cenyr";"Cenyr · Graue Weite · Schimmerküste · Tredegar";"";"Illustration fehlt";"Stammbäume/Stammbaum.html?family=haus-illygoden-tredegar&mode=view";""
"Haus Illyswen";"Im Stammbaum erwähnt";"Nur im Stammbaum erwähnt";"Keine eigenständige Registerzuordnung";"";"Illustration fehlt";"Stammbäume/Stammbaum.html?family=haus-saethwyr&mode=view";""
"Haus Illysywen";"Eigenes Register";"Cenyr";"Cenyr · Celtigerns Wacht · Rhonwens Tränen · Castellbryn";"1";"Vorhanden";"Stammbäume/Stammbaum.html?family=haus-illysywen&mode=view";""
"Haus Ilyuncu O'Caer Gwennol";"Eigenes Register";"Cenyr";"Cenyr · Tal der Milane · Schwalbenhort · Caer Gwennol";"";"Illustration fehlt";"Stammbäume/Stammbaum.html?family=haus-ilyuncu&mode=view";""
"Haus Iorwen";"Eigenes Register";"Cenyr";"Cenyr · Celtigerns Wacht · Artus Streben · Rhosmere";"";"Illustration fehlt";"Stammbäume/Stammbaum.html?family=haus-iorwen&mode=view";""
"Haus Iwrell";"Eigenes Register";"Cenyr";"Cenyr · Vortigerns Ruh · Tanwens Flamme · Mathragon";"";"Illustration fehlt";"Stammbäume/Stammbaum.html?family=haus-iwrell&mode=view";""
"Haus Karreg";"Eigenes Register";"Morgorn";"Morgorn · Region Felsbreche · Felsbreche";"";"Illustration fehlt";"Stammbäume/Stammbaum.html?family=haus-karreg&mode=view";""
"Haus Kelan";"Eigenes Register";"Cenyr";"Cenyr · Weidebucht · Melwas Au · Cerrigarth";"";"Illustration fehlt";"Stammbäume/Stammbaum.html?family=haus-kelan&mode=view";""
"Haus Kendryck";"Eigenes Register";"Aeldrunmar";"Aeldrunmar · Königliches Jarltum der Kendryck";"";"Illustration fehlt";"Stammbäume/Stammbaum.html?family=haus-kendryck&mode=view";""
"Haus Konradinger";"Im Stammbaum erwähnt";"Nur im Stammbaum erwähnt";"Keine eigenständige Registerzuordnung";"";"Illustration fehlt";"Stammbäume/Stammbaum.html?family=haus-wellensaenger&mode=view";""
"Haus Krigsfodt";"Im Stammbaum erwähnt";"Nur im Stammbaum erwähnt";"Keine eigenständige Registerzuordnung";"";"Illustration fehlt";"Stammbäume/Stammbaum.html?family=haus-morthwyll&mode=view";""
"Haus lachlan";"Im Stammbaum erwähnt";"Nur im Stammbaum erwähnt";"Keine eigenständige Registerzuordnung";"1";"Vorhanden";"Stammbäume/Stammbaum.html?family=haus-caerdyn&mode=view";""
"Haus Lachlann";"Im Stammbaum erwähnt";"Nur im Stammbaum erwähnt";"Keine eigenständige Registerzuordnung";"";"Illustration fehlt";"Stammbäume/Stammbaum.html?family=haus-eldath&mode=view";""
"Haus Laga";"Im Stammbaum erwähnt";"Nur im Stammbaum erwähnt";"Keine eigenständige Registerzuordnung";"";"Illustration fehlt";"Stammbäume/Stammbaum.html?family=haus-ui-rochraide&mode=view";""
"Haus Llurien";"Eigenes Register";"Cenyr";"Cenyr · Sonnenküste · Gersteküste · Aberon";"";"Illustration fehlt";"Stammbäume/Stammbaum.html?family=haus-llurien&mode=view";""
"Haus Llwynog O'Aberon";"Eigenes Register";"Cenyr";"Cenyr · Sonnenküste · Gersteküste · Aberon";"";"Illustration fehlt";"Stammbäume/Stammbaum.html?family=haus-llwynog&mode=view";""
"Haus Llyncar";"Eigenes Register";"Cenyr";"Cenyr · Silberinsel · Silberbucht · Llanvane";"";"Illustration fehlt";"Stammbäume/Stammbaum.html?family=haus-llyncar&mode=view";""
"Haus Lockart";"Im Stammbaum erwähnt";"Nur im Stammbaum erwähnt";"Keine eigenständige Registerzuordnung";"1";"Vorhanden";"Stammbäume/Stammbaum.html?family=haus-ua-eirce&mode=view";""
"Haus Loer";"Eigenes Register";"Cenyr";"Cenyr · Celtigerns Wacht · Llamreis Ankunft · Gwynthor";"1";"Vorhanden";"Stammbäume/Stammbaum.html?family=haus-loer&mode=view";""
"Haus Loganne";"Im Stammbaum erwähnt";"Nur im Stammbaum erwähnt";"Keine eigenständige Registerzuordnung";"";"Illustration fehlt";"Stammbäume/Stammbaum.html?family=haus-aderyn&mode=view";""
"Haus Loryn";"Eigenes Register";"Cenyr";"Cenyr · Sonnenküste · Gersteküste · Aberon";"";"Illustration fehlt";"Stammbäume/Stammbaum.html?family=haus-loryn&mode=view";""
"Haus Luachra";"Im Stammbaum erwähnt";"Nur im Stammbaum erwähnt";"Keine eigenständige Registerzuordnung";"1";"Vorhanden";"Stammbäume/Stammbaum.html?family=haus-craobhan&mode=view";""
"Haus Luchdon";"Im Stammbaum erwähnt";"Nur im Stammbaum erwähnt";"Keine eigenständige Registerzuordnung";"";"Illustration fehlt";"Stammbäume/Stammbaum.html?family=haus-frisealach&mode=view";""
"Haus Luitpolding";"Im Stammbaum erwähnt";"Nur im Stammbaum erwähnt";"Keine eigenständige Registerzuordnung";"";"Illustration fehlt";"Stammbäume/Stammbaum.html?family=haus-aderyn&mode=view";""
"Haus Lyfant O'Caer Asgwrn";"Eigenes Register";"Cenyr";"Cenyr · Graue Weite · Silberwald · Skelettküste · Caer Asgwrn";"";"Illustration fehlt";"Stammbäume/Stammbaum.html?family=haus-lyfant-caer-asgwrn&mode=view";""
"Haus Lyfant O'Derwyddion";"Eigenes Register";"Vennyr";"Vennyr · Tir Mynddoedd · Derwyddion";"";"Illustration fehlt";"Stammbäume/Stammbaum.html?family=haus-lyfant&mode=view";""
"Haus Mac Duilb";"Im Stammbaum erwähnt";"Nur im Stammbaum erwähnt";"Keine eigenständige Registerzuordnung";"";"Illustration fehlt";"Stammbäume/Stammbaum.html?family=haus-blodyn&mode=view";""
"Haus Mac Eala";"Im Stammbaum erwähnt";"Nur im Stammbaum erwähnt";"Keine eigenständige Registerzuordnung";"";"Illustration fehlt";"Stammbäume/Stammbaum.html?family=haus-sgwarnog&mode=view";""
"Haus Mac Luin";"Eigenes Register";"Aldrimar";"Aldrimar · Ivarsheim · Ausgestorbene Häuser · Glaennath (Alben)";"";"Illustration fehlt";"Stammbäume/Stammbaum.html?family=haus-mac-luin&mode=view";""
"Haus Madryn";"Eigenes Register";"Cenyr";"Cenyr · Celtigerns Wacht · Rhonwens Tränen";"1";"Vorhanden";"Stammbäume/Stammbaum.html?family=haus-madryn&mode=view";""
"Haus Maerllys";"Eigenes Register";"Cenyr";"Cenyr · Celtigerns Wacht · Llamreis Ankunft · Gwynthor";"";"Illustration fehlt";"Stammbäume/Stammbaum.html?family=haus-maerllys&mode=view";""
"Haus Maethan";"Eigenes Register";"Cenyr";"Cenyr · Celtigerns Wacht · Artus Streben · Rhosmere";"";"Illustration fehlt";"Stammbäume/Stammbaum.html?family=haus-maethan&mode=view";""
"Haus Magach";"Im Stammbaum erwähnt";"Nur im Stammbaum erwähnt";"Keine eigenständige Registerzuordnung";"";"Illustration fehlt";"Stammbäume/Stammbaum.html?family=haus-skaal&mode=view";""
"Haus Magath";"Im Stammbaum erwähnt";"Nur im Stammbaum erwähnt";"Keine eigenständige Registerzuordnung";"";"Illustration fehlt";"Stammbäume/Stammbaum.html?family=haus-marwolaeth&mode=view";""
"Haus Marcaigh";"Im Stammbaum erwähnt";"Nur im Stammbaum erwähnt";"Keine eigenständige Registerzuordnung";"1";"Vorhanden";"Stammbäume/Stammbaum.html?family=haus-gortach&mode=view";""
"Haus Marchog O'Glyndraith";"Eigenes Register";"Cenyr";"Cenyr · Ährental · Tristams Ebene · Glyndraith";"";"Illustration fehlt";"Stammbäume/Stammbaum.html?family=haus-marchog&mode=view";""
"Haus Maredwyn";"Eigenes Register";"Cenyr";"Cenyr · Silberinsel · Silberbucht · Llanvane";"";"Illustration fehlt";"Stammbäume/Stammbaum.html?family=haus-maredwyn&mode=view";""
"Haus Marwolaeth O'Mathragon";"Eigenes Register";"Cenyr";"Cenyr · Vortigerns Ruh · Tanwens Flamme · Mathragon";"";"Illustration fehlt";"Stammbäume/Stammbaum.html?family=haus-marwolaeth&mode=view";""
"Haus Mata";"Im Stammbaum erwähnt";"Nur im Stammbaum erwähnt";"Keine eigenständige Registerzuordnung";"1";"Vorhanden";"Stammbäume/Stammbaum.html?family=haus-arth&mode=view";""
"Haus Mathgraig";"Eigenes Register";"Cenyr";"Cenyr · Klaueninsel · Sturmklaue · Talgarth";"";"Illustration fehlt";"Stammbäume/Stammbaum.html?family=haus-mathgraig&mode=view";""
"Haus Merek";"Eigenes Register";"Cenyr";"Cenyr · Celtigerns Wacht · Rhonwens Tränen";"1";"Vorhanden";"Stammbäume/Stammbaum.html?family=haus-merek&mode=view";""
"Haus Mochdaer O' Gwyliau";"Eigenes Register";"Vennyr";"Vennyr · Tir Gorllewin · Tir Brocair · Gwyliau";"";"Illustration fehlt";"Stammbäume/Stammbaum.html?family=haus-mochdaer-gwyliau&mode=view";""
"Haus Mochdaer O'Cerrigarth";"Eigenes Register";"Cenyr";"Cenyr · Weidebucht · Melwas Au · Cerrigarth";"";"Illustration fehlt";"Stammbäume/Stammbaum.html?family=haus-mochdaer&mode=view";""
"Haus Mochdear";"Im Stammbaum erwähnt";"Nur im Stammbaum erwähnt";"Keine eigenständige Registerzuordnung";"";"Illustration fehlt";"Stammbäume/Stammbaum.html?family=haus-blodyn&mode=view";""
"Haus Morcanhuc O'Glyndraith";"Eigenes Register";"Cenyr";"Cenyr · Ährental · Tristams Ebene · Glyndraith";"";"Illustration fehlt";"Stammbäume/Stammbaum.html?family=haus-morcanhuc&mode=view";""
"Haus Morfil O'Talsarn";"Eigenes Register";"Cenyr";"Cenyr · Graue Weite · Grauküste · Talsarn";"";"Illustration fehlt";"Stammbäume/Stammbaum.html?family=haus-morfil&mode=view";""
"Haus Morforwyn O'Carngol";"Eigenes Register";"Cenyr";"Cenyr · Sonnenküste · Jungferntal · Carngol";"";"Illustration fehlt";"Stammbäume/Stammbaum.html?family=haus-morforwyn&mode=view";""
"Haus Morfynn";"Eigenes Register";"Cenyr";"Cenyr · Silberinsel · Silberbucht · Llanvane";"";"Illustration fehlt";"Stammbäume/Stammbaum.html?family=haus-morfynn&mode=view";""
"Haus Mórgacht";"Im Stammbaum erwähnt";"Nur im Stammbaum erwähnt";"Keine eigenständige Registerzuordnung";"";"Illustration fehlt";"Stammbäume/Stammbaum.html?family=haus-frisealach&mode=view";""
"Haus Morgant";"Eigenes Register";"Vennyr";"Vennyr · Blütenland · Baronie Hoyers Krone · Lyndor";"1";"Vorhanden";"Stammbäume/Stammbaum.html?family=haus-morgant&mode=view";""
"Haus Morglan";"Eigenes Register";"Cenyr";"Cenyr · Klaueninsel · Sturmklaue · Talgarth";"";"Illustration fehlt";"Stammbäume/Stammbaum.html?family=haus-morglan&mode=view";""
"Haus Morgryn";"Eigenes Register";"Vennyr";"Vennyr · Tir Arfordir · Serenlyn";"1";"Vorhanden";"Stammbäume/Stammbaum.html?family=haus-morgryn&mode=view";""
"Haus Morgwynt";"Eigenes Register";"Cenyr";"Cenyr · Klaueninsel · Sturmklaue · Talgarth";"";"Illustration fehlt";"Stammbäume/Stammbaum.html?family=haus-morgwynt&mode=view";""
"Haus Morkvard";"Eigenes Register";"Aldrimar";"Aldrimar · Ivarsheim · Ausgestorbene Häuser · Norrnaigh (Nordmänner)";"";"Illustration fehlt";"Stammbäume/Stammbaum.html?family=haus-morkvard&mode=view";""
"Haus Morlais";"Eigenes Register";"Vennyr";"Vennyr · Blütenland · Baronie Hoyers Krone · Lyndor";"1";"Vorhanden";"Stammbäume/Stammbaum.html?family=haus-morlais&mode=view";""
"Haus Morlan";"Eigenes Register";"Cenyr";"Cenyr · Klaueninsel · Sturmklaue · Talgarth";"";"Illustration fehlt";"Stammbäume/Stammbaum.html?family=haus-morlan&mode=view";""
"Haus Morna";"Im Stammbaum erwähnt";"Nur im Stammbaum erwähnt";"Keine eigenständige Registerzuordnung";"";"Illustration fehlt";"Stammbäume/Stammbaum.html?family=haus-ui-rochraide&mode=view";""
"Haus Morthwyl O'Caer Morben";"Eigenes Register";"Cenyr";"Cenyr · Klaueninsel · Wellenklaue · Caer Morben";"";"Illustration fehlt";"Stammbäume/Stammbaum.html?family=haus-morthwyll&mode=view";""
"Haus Morveth";"Eigenes Register";"Cenyr";"Cenyr · Celtigerns Wacht · Rhonwens Tränen";"1";"Vorhanden";"Stammbäume/Stammbaum.html?family=haus-morveth&mode=view";""
"Haus Morwyn";"Eigenes Register";"Cenyr";"Cenyr · Vortigerns Ruh · Tanwens Flamme · Mathragon";"";"Illustration fehlt";"Stammbäume/Stammbaum.html?family=haus-morwyn&mode=view";""
"Haus Muileach";"Im Stammbaum erwähnt";"Nur im Stammbaum erwähnt";"Keine eigenständige Registerzuordnung";"";"Illustration fehlt";"Stammbäume/Stammbaum.html?family=haus-mac-tuirseach&mode=view";""
"Haus Muiredaigh";"Im Stammbaum erwähnt";"Nur im Stammbaum erwähnt";"Keine eigenständige Registerzuordnung";"";"Illustration fehlt";"Stammbäume/Stammbaum.html?family=haus-amrhan&mode=view";""
"Haus Muirin";"Im Stammbaum erwähnt";"Nur im Stammbaum erwähnt";"Keine eigenständige Registerzuordnung";"1";"Vorhanden";"Stammbäume/Stammbaum.html?family=haus-tir-an-cuinn&mode=view";""
"Haus Mwnci";"Im Stammbaum erwähnt";"Nur im Stammbaum erwähnt";"Keine eigenständige Registerzuordnung";"";"Illustration fehlt";"Stammbäume/Stammbaum.html?family=haus-draig&mode=view";""
"Haus Mwyalchen O'Penbryn";"Eigenes Register";"Cenyr";"Cenyr · Tal der Milane · Yvains Klamm · Penbryn";"";"Illustration fehlt";"Stammbäume/Stammbaum.html?family=haus-mwyalchen&mode=view";""
"Haus Neddair";"Eigenes Register";"Cenyr";"Cenyr · Sonnenküste · Gersteküste · Aberon";"";"Illustration fehlt";"Stammbäume/Stammbaum.html?family=haus-neddair&mode=view";""
"Haus Neidr";"Eigenes Register";"Cenyr";"Cenyr · Silberinsel · Silberbucht · Llanvane";"";"Illustration fehlt";"Stammbäume/Stammbaum.html?family=haus-neidr&mode=view";""
"Haus Ness";"Im Stammbaum erwähnt";"Nur im Stammbaum erwähnt";"Keine eigenständige Registerzuordnung";"1";"Vorhanden";"Stammbäume/Stammbaum.html?family=haus-draig&mode=view";""
"Haus Nessa";"Im Stammbaum erwähnt";"Nur im Stammbaum erwähnt";"Keine eigenständige Registerzuordnung";"";"Illustration fehlt";"Stammbäume/Stammbaum.html?family=haus-dal-leite&mode=view";""
"Haus Nic Ríordáin";"Eigenes Register";"Cenyr";"Cenyr · Sonnenküste · Antike Häuser · Dun Afalla";"";"Illustration fehlt";"Stammbäume/Stammbaum.html?family=haus-nic-riordain&mode=view";""
"Haus Nuadat";"Im Stammbaum erwähnt";"Nur im Stammbaum erwähnt";"Keine eigenständige Registerzuordnung";"";"Illustration fehlt";"Stammbäume/Stammbaum.html?family=haus-seaghda&mode=view";""
"Haus O'Cenyr";"Im Stammbaum erwähnt";"Nur im Stammbaum erwähnt";"Keine eigenständige Registerzuordnung";"";"Illustration fehlt";"Stammbäume/Stammbaum.html?family=haus-marwolaeth&mode=view";""
"Haus Oenfyr";"Eigenes Register";"Cenyr";"Cenyr · Vortigerns Ruh · Tanwens Flamme · Mathragon";"";"Illustration fehlt";"Stammbäume/Stammbaum.html?family=haus-oenfyr&mode=view";""
"Haus Orlen";"Eigenes Register";"Cenyr";"Cenyr · Sonnenküste · Gersteküste · Aberon";"";"Illustration fehlt";"Stammbäume/Stammbaum.html?family=haus-orlen&mode=view";""
"Haus Parry";"Eigenes Register";"Cenyr";"Cenyr · Klaueninsel · Sturmklaue · Talgarth";"";"Illustration fehlt";"Stammbäume/Stammbaum.html?family=haus-parry&mode=view";""
"Haus Paun";"Im Stammbaum erwähnt";"Nur im Stammbaum erwähnt";"Keine eigenständige Registerzuordnung";"";"Illustration fehlt";"Stammbäume/Stammbaum.html?family=haus-draig&mode=view";""
"Haus Pawen O'Talgarth";"Eigenes Register";"Cenyr";"Cenyr · Klaueninsel · Sturmklaue · Talgarth";"";"Illustration fehlt";"Stammbäume/Stammbaum.html?family=haus-pawen&mode=view";""
"Haus Pellan";"Eigenes Register";"Cenyr";"Cenyr · Weidebucht · Melwas Au · Cerrigarth";"";"Illustration fehlt";"Stammbäume/Stammbaum.html?family=haus-pellan&mode=view";""
"Haus Penderyn O'Mathragon";"Eigenes Register";"Cenyr";"Cenyr · Vortigerns Ruh · Tanwens Flamme · Mathragon";"";"Illustration fehlt";"Stammbäume/Stammbaum.html?family=haus-penderyn&mode=view";""
"Haus Pendrag";"Eigenes Register";"Cenyr";"Cenyr · Vortigerns Ruh · Tanwens Flamme · Mathragon";"";"Illustration fehlt";"Stammbäume/Stammbaum.html?family=haus-pendrag&mode=view";""
"Haus Pendrwn";"Eigenes Register";"Cenyr";"Cenyr · Celtigerns Wacht · Llamreis Ankunft · Gwynthor";"";"Illustration fehlt";"Stammbäume/Stammbaum.html?family=haus-pendrwn&mode=view";""
"Haus Pengair";"Eigenes Register";"Cenyr";"Cenyr · Vortigerns Ruh · Tanwens Flamme · Mathragon";"";"Illustration fehlt";"Stammbäume/Stammbaum.html?family=haus-pengair&mode=view";""
"Haus Penry";"Eigenes Register";"Cenyr";"Cenyr · Klaueninsel · Sturmklaue · Talgarth";"";"Illustration fehlt";"Stammbäume/Stammbaum.html?family=haus-penry&mode=view";""
"Haus Penwyn";"Eigenes Register";"Cenyr";"Cenyr · Celtigerns Wacht · Gwendolyns Ufer · Morddyn";"1";"Vorhanden";"Stammbäume/Stammbaum.html?family=haus-penwyn&mode=view";""
"Haus Pergarn";"Eigenes Register";"Cenyr";"Cenyr · Sonnenküste · Gersteküste · Aberon";"";"Illustration fehlt";"Stammbäume/Stammbaum.html?family=haus-pergarn&mode=view";""
"Haus Pluen";"Eigenes Register";"Cenyr";"Cenyr · Klaueninsel · Sturmklaue · Talgarth";"";"Illustration fehlt";"Stammbäume/Stammbaum.html?family=haus-pluen&mode=view";""
"Haus Prys";"Eigenes Register";"Cenyr";"Cenyr · Klaueninsel · Sturmklaue · Talgarth";"";"Illustration fehlt";"Stammbäume/Stammbaum.html?family=haus-prys&mode=view";""
"Haus Pwllor";"Eigenes Register";"Cenyr";"Cenyr · Sonnenküste · Gersteküste · Aberon";"";"Illustration fehlt";"Stammbäume/Stammbaum.html?family=haus-pwllor&mode=view";""
"Haus Pyrth O'Caer Clwyd";"Eigenes Register";"Cenyr";"Cenyr · Silberinsel · Silberpfad · Caer Clwyd";"";"Illustration fehlt";"Stammbäume/Stammbaum.html?family=haus-pyrth&mode=view";""
"Haus Pysgod O'Tredegar";"Eigenes Register";"Cenyr";"Cenyr · Graue Weite · Schimmerküste · Tredegar";"";"Illustration fehlt";"Stammbäume/Stammbaum.html?family=haus-pysgod&mode=view";""
"Haus Raun";"Im Stammbaum erwähnt";"Nur im Stammbaum erwähnt";"Keine eigenständige Registerzuordnung";"";"Illustration fehlt";"Stammbäume/Stammbaum.html?family=haus-blodyn&mode=view";""
"Haus Reannachain";"Im Stammbaum erwähnt";"Nur im Stammbaum erwähnt";"Keine eigenständige Registerzuordnung";"1";"Vorhanden";"Stammbäume/Stammbaum.html?family=haus-nic-holloran&mode=view";""
"Haus Renvyn";"Eigenes Register";"Cenyr";"Cenyr · Sonnenküste · Gersteküste · Aberon";"";"Illustration fehlt";"Stammbäume/Stammbaum.html?family=haus-renvyn&mode=view";""
"Haus Rhavaen";"Eigenes Register";"Cenyr";"Cenyr · Vortigerns Ruh · Tanwens Flamme · Mathragon";"";"Illustration fehlt";"Stammbäume/Stammbaum.html?family=haus-rhavaen&mode=view";""
"Haus Rhavorn";"Eigenes Register";"Cenyr";"Cenyr · Sonnenküste · Gersteküste · Aberon";"";"Illustration fehlt";"Stammbäume/Stammbaum.html?family=haus-rhavorn&mode=view";""
"Haus Rhelian";"Eigenes Register";"Cenyr";"Cenyr · Sonnenküste · Jungferntal · Carngol";"";"Illustration fehlt";"Stammbäume/Stammbaum.html?family=haus-rhelian&mode=view";""
"Haus Rhen";"Eigenes Register";"Cenyr";"Cenyr · Celtigerns Wacht · Artus Streben · Rhosmere";"";"Illustration fehlt";"Stammbäume/Stammbaum.html?family=haus-rhen&mode=view";""
"Haus Rhenith";"Eigenes Register";"Cenyr";"Cenyr · Sonnenküste · Gersteküste · Aberon";"";"Illustration fehlt";"Stammbäume/Stammbaum.html?family=haus-rhenith&mode=view";""
"Haus Rhenna";"Eigenes Register";"Cenyr";"Cenyr · Celtigerns Wacht · Rhonwens Tränen";"1";"Vorhanden";"Stammbäume/Stammbaum.html?family=haus-rhenna&mode=view";""
"Haus Rhuddgar";"Eigenes Register";"Cenyr";"Cenyr · Celtigerns Wacht · Gwendolyns Ufer · Abergwint";"1";"Vorhanden";"Stammbäume/Stammbaum.html?family=haus-rhuddgar&mode=view";""
"Haus Rhyddid";"Eigenes Register";"Cenyr";"Cenyr · Celtigerns Wacht · Llamreis Ankunft · Gwynthor";"1";"Vorhanden";"Stammbäume/Stammbaum.html?family=haus-rhyddid&mode=view";""
"Haus Riabhach";"Im Stammbaum erwähnt";"Nur im Stammbaum erwähnt";"Keine eigenständige Registerzuordnung";"";"Illustration fehlt";"Stammbäume/Stammbaum.html?family=haus-blodyn&mode=view";""
"Haus Riangabra";"Im Stammbaum erwähnt";"Nur im Stammbaum erwähnt";"Keine eigenständige Registerzuordnung";"";"Illustration fehlt";"Stammbäume/Stammbaum.html?family=haus-an-morchoe&mode=view";""
"Haus Ridderspore";"Im Stammbaum erwähnt";"Nur im Stammbaum erwähnt";"Keine eigenständige Registerzuordnung";"";"Illustration fehlt";"Stammbäume/Stammbaum.html?family=haus-sterkr&mode=view";""
"Haus Rioga";"Im Stammbaum erwähnt";"Nur im Stammbaum erwähnt";"Keine eigenständige Registerzuordnung";"";"Illustration fehlt";"Stammbäume/Stammbaum.html?family=haus-an-morchoe&mode=view";""
"Haus Ríordáin";"Im Stammbaum erwähnt";"Nur im Stammbaum erwähnt";"Keine eigenständige Registerzuordnung";"";"Illustration fehlt";"Stammbäume/Stammbaum.html?family=haus-illewod&mode=view";""
"Haus Roden";"Im Stammbaum erwähnt";"Nur im Stammbaum erwähnt";"Keine eigenständige Registerzuordnung";"";"Illustration fehlt";"Stammbäume/Stammbaum.html?family=haus-von-hochreuth&mode=view";""
"Haus Roich";"Im Stammbaum erwähnt";"Nur im Stammbaum erwähnt";"Keine eigenständige Registerzuordnung";"1";"Vorhanden";"Stammbäume/Stammbaum.html?family=haus-eldath&mode=view";""
"Haus Rosenblüht";"Im Stammbaum erwähnt";"Nur im Stammbaum erwähnt";"Keine eigenständige Registerzuordnung";"";"Illustration fehlt";"Stammbäume/Stammbaum.html?family=haus-wyrm&mode=view";""
"Haus Rosenblüth";"Im Stammbaum erwähnt";"Nur im Stammbaum erwähnt";"Keine eigenständige Registerzuordnung";"";"Illustration fehlt";"Stammbäume/Stammbaum.html?family=haus-morfil&mode=view";""
"Haus Rosenstolz";"Im Stammbaum erwähnt";"Nur im Stammbaum erwähnt";"Keine eigenständige Registerzuordnung";"";"Illustration fehlt";"Stammbäume/Stammbaum.html?family=haus-aderyn&mode=view";""
"Haus Roth";"Im Stammbaum erwähnt";"Nur im Stammbaum erwähnt";"Keine eigenständige Registerzuordnung";"";"Illustration fehlt";"Stammbäume/Stammbaum.html?family=haus-draig&mode=view";""
"Haus Rowak";"Im Stammbaum erwähnt";"Nur im Stammbaum erwähnt";"Keine eigenständige Registerzuordnung";"";"Illustration fehlt";"Stammbäume/Stammbaum.html?family=haus-ui-rochraide&mode=view";""
"Haus Rúca";"Im Stammbaum erwähnt";"Nur im Stammbaum erwähnt";"Keine eigenständige Registerzuordnung";"";"Illustration fehlt";"Stammbäume/Stammbaum.html?family=haus-mac-ard-cumhaill&mode=view";""
"Haus Rúnda";"Im Stammbaum erwähnt";"Nur im Stammbaum erwähnt";"Keine eigenständige Registerzuordnung";"";"Illustration fehlt";"Stammbäume/Stammbaum.html?family=haus-grael&mode=view";""
"Haus Saethwyr";"Eigenes Register";"Cenyr";"Cenyr · Celtigerns Wacht · Llamreis Ankunft · Gwynthor";"1";"Vorhanden";"Stammbäume/Stammbaum.html?family=haus-saethwyr&mode=view";""
"Haus Saith O'Llanvane";"Eigenes Register";"Cenyr";"Cenyr · Silberinsel · Silberbucht · Llanvane";"";"Illustration fehlt";"Stammbäume/Stammbaum.html?family=haus-saith&mode=view";""
"Haus Saivor";"Eigenes Register";"Cenyr";"Cenyr · Vortigerns Ruh · Tanwens Flamme · Mathragon";"";"Illustration fehlt";"Stammbäume/Stammbaum.html?family=haus-saivor&mode=view";""
"Haus salaig";"Im Stammbaum erwähnt";"Nur im Stammbaum erwähnt";"Keine eigenständige Registerzuordnung";"";"Illustration fehlt";"Stammbäume/Stammbaum.html?family=haus-caerdyn&mode=view";""
"Haus Scandyn";"Eigenes Register";"Aeldrunmar";"Aeldrunmar · Jarltum der Tharn · Thaintum Trenmorath · Scandmere";"";"Illustration fehlt";"Stammbäume/Stammbaum.html?family=haus-scandyn&mode=view";""
"Haus Schönbergen";"Im Stammbaum erwähnt";"Nur im Stammbaum erwähnt";"Keine eigenständige Registerzuordnung";"";"Illustration fehlt";"Stammbäume/Stammbaum.html?family=haus-seldryn&mode=view";""
"Haus Searlait";"Im Stammbaum erwähnt";"Nur im Stammbaum erwähnt";"Keine eigenständige Registerzuordnung";"";"Illustration fehlt";"Stammbäume/Stammbaum.html?family=haus-ard-conbhron&mode=view";""
"Haus Selaeth";"Eigenes Register";"Cenyr";"Cenyr · Silberinsel · Silberbucht · Llanvane";"";"Illustration fehlt";"Stammbäume/Stammbaum.html?family=haus-selaeth&mode=view";""
"Haus Seldryn";"Eigenes Register";"Cenyr";"Cenyr · Celtigerns Wacht · Gwendolyns Ufer · Abergwint";"1";"Vorhanden";"Stammbäume/Stammbaum.html?family=haus-seldryn&mode=view";""
"Haus Selog";"Eigenes Register";"Cenyr";"Cenyr · Celtigerns Wacht · Gwendolyns Ufer · Abergwint";"1";"Vorhanden";"Stammbäume/Stammbaum.html?family=haus-selog&mode=view";""
"Haus Sélwyn O'Caer Ebirth";"Eigenes Register";"Cenyr";"Cenyr · Klaueninsel · Silberklaue · Caer Ebirth";"";"Illustration fehlt";"Stammbäume/Stammbaum.html?family=haus-selwyn&mode=view";""
"Haus Seolfor";"Eigenes Register";"Aeldrunmar";"Aeldrunmar · Königliches Jarltum der Kendryck · Thainschaft der Seolfor";"";"Illustration fehlt";"Stammbäume/Stammbaum.html?family=haus-seolfor&mode=view";""
"Haus Serenoc";"Eigenes Register";"Vennyr";"Vennyr · Blütenland · Baronie Hoyers Krone · Lyndor";"1";"Vorhanden";"Stammbäume/Stammbaum.html?family=haus-serenoc&mode=view";""
"Haus Serin";"Eigenes Register";"Cenyr";"Cenyr · Weidebucht · Melwas Au · Cerrigarth";"";"Illustration fehlt";"Stammbäume/Stammbaum.html?family=haus-serin&mode=view";""
"Haus Seymour";"Im Stammbaum erwähnt";"Nur im Stammbaum erwähnt";"Keine eigenständige Registerzuordnung";"";"Illustration fehlt";"Stammbäume/Stammbaum.html?family=haus-aderyn&mode=view";""
"Haus Sgrechiwr";"Eigenes Register";"Cenyr";"Cenyr · Celtigerns Wacht · Llamreis Ankunft · Lynthor";"1";"Vorhanden";"Stammbäume/Stammbaum.html?family=haus-sgrechiwr&mode=view";""
"Haus Sgwarnog O'Aldwynd";"Eigenes Register";"Cenyr";"Cenyr · Ährental · Flusstal · Aldwynd";"";"Illustration fehlt";"Stammbäume/Stammbaum.html?family=haus-sgwarnog&mode=view";""
"Haus Skellor";"Eigenes Register";"Cenyr";"Cenyr · Celtigerns Wacht · Rhonwens Tränen";"1";"Vorhanden";"Stammbäume/Stammbaum.html?family=haus-skellor&mode=view";""
"Haus Sliabh O'Caer Gwennol";"Eigenes Register";"Cenyr";"Cenyr · Tal der Milane · Schwalbenhort · Caer Gwennol";"";"Illustration fehlt";"Stammbäume/Stammbaum.html?family=haus-sliabh&mode=view";""
"Haus Sökaren";"Im Stammbaum erwähnt";"Nur im Stammbaum erwähnt";"Keine eigenständige Registerzuordnung";"";"Illustration fehlt";"Stammbäume/Stammbaum.html?family=haus-ceirwyn&mode=view";""
"Haus Sökering";"Im Stammbaum erwähnt";"Nur im Stammbaum erwähnt";"Keine eigenständige Registerzuordnung";"";"Illustration fehlt";"Stammbäume/Stammbaum.html?family=haus-wellensaenger&mode=view";""
"Haus Staufenberg";"Im Stammbaum erwähnt";"Nur im Stammbaum erwähnt";"Keine eigenständige Registerzuordnung";"";"Illustration fehlt";"Stammbäume/Stammbaum.html?family=haus-helgr&mode=view";""
"Haus Stwatchn";"Im Stammbaum erwähnt";"Nur im Stammbaum erwähnt";"Keine eigenständige Registerzuordnung";"1";"Vorhanden";"Stammbäume/Stammbaum.html?family=haus-ruin-ua-laoch&mode=view";""
"Haus suilgeach";"Im Stammbaum erwähnt";"Nur im Stammbaum erwähnt";"Keine eigenständige Registerzuordnung";"1";"Vorhanden";"Stammbäume/Stammbaum.html?family=haus-morgant&mode=view";""
"Haus Suiste";"Im Stammbaum erwähnt";"Nur im Stammbaum erwähnt";"Keine eigenständige Registerzuordnung";"";"Illustration fehlt";"Stammbäume/Stammbaum.html?family=haus-dal-leite&mode=view";""
"Haus Swyll";"Eigenes Register";"Cenyr";"Cenyr · Celtigerns Wacht · Llamreis Ankunft · Gwynthor";"";"Illustration fehlt";"Stammbäume/Stammbaum.html?family=haus-swyll&mode=view";""
"Haus Tairise";"Im Stammbaum erwähnt";"Nur im Stammbaum erwähnt";"Keine eigenständige Registerzuordnung";"";"Illustration fehlt";"Stammbäume/Stammbaum.html?family=haus-nic-blar&mode=view";""
"Haus Talinvyr";"Eigenes Register";"Cenyr";"Cenyr · Celtigerns Wacht · Rhonwens Tränen";"1";"Vorhanden";"Stammbäume/Stammbaum.html?family=haus-talinvyr&mode=view";""
"Haus Talmeirch";"Eigenes Register";"Cenyr";"Cenyr · Celtigerns Wacht · Artus Streben · Rhosmere";"1";"Vorhanden";"Stammbäume/Stammbaum.html?family=haus-talmeirch&mode=view";""
"Haus Tannau";"Eigenes Register";"Cenyr";"Cenyr · Weidebucht · Melwas Au · Cerrigarth";"";"Illustration fehlt";"Stammbäume/Stammbaum.html?family=haus-tannau&mode=view";""
"Haus Tanwyn";"Eigenes Register";"Cenyr";"Cenyr · Graue Weite · Ausgestorbene Häuser";"";"Illustration fehlt";"Stammbäume/Stammbaum.html?family=haus-tanwyn&mode=view";""
"Haus Taranvyr";"Eigenes Register";"Cenyr";"Cenyr · Celtigerns Wacht · Gwendolyns Ufer · Abergwint";"1";"Vorhanden";"Stammbäume/Stammbaum.html?family=haus-taranvyr&mode=view";""
"Haus Tartarfhuil";"Im Stammbaum erwähnt";"Nur im Stammbaum erwähnt";"Keine eigenständige Registerzuordnung";"";"Illustration fehlt";"Stammbäume/Stammbaum.html?family=haus-ciarog&mode=view";""
"Haus Tawelgar";"Eigenes Register";"Cenyr";"Cenyr · Celtigerns Wacht · Gwendolyns Ufer · Abergwint";"1";"Vorhanden";"Stammbäume/Stammbaum.html?family=haus-tawelgar&mode=view";""
"Haus Teigr";"Im Stammbaum erwähnt";"Nur im Stammbaum erwähnt";"Keine eigenständige Registerzuordnung";"";"Illustration fehlt";"Stammbäume/Stammbaum.html?family=haus-draig&mode=view";""
"Haus Teyrngarch O'Aberon";"Eigenes Register";"Cenyr";"Cenyr · Sonnenküste · Gersteküste · Aberon";"";"Illustration fehlt";"Stammbäume/Stammbaum.html?family=haus-teyrngarch&mode=view";""
"Haus Tharn";"Im Stammbaum erwähnt";"Nur im Stammbaum erwähnt";"Keine eigenständige Registerzuordnung";"";"Illustration fehlt";"Stammbäume/Stammbaum.html?family=haus-frye&mode=view";""
"Haus Thornwick";"Eigenes Register";"Talyndor";"Talyndor · Earltum der Warren · Thaintum der Warren · Thornholt";"";"Illustration fehlt";"Stammbäume/Stammbaum.html?family=haus-thornwick&mode=view";""
"Haus Tir Addawol";"Eigenes Register";"Cenyr";"Cenyr · Weidebucht · Hochweide · Glyndale";"";"Illustration fehlt";"Stammbäume/Stammbaum.html?family=haus-tir-addawol&mode=view";""
"Haus Tir Fiachiontach";"Im Stammbaum erwähnt";"Nur im Stammbaum erwähnt";"Keine eigenständige Registerzuordnung";"";"Illustration fehlt";"Stammbäume/Stammbaum.html?family=haus-ciarog&mode=view";""
"Haus Tirwyn";"Eigenes Register";"Cenyr";"Cenyr · Celtigerns Wacht · Artus Streben · Rhosmere";"1";"Vorhanden";"Stammbäume/Stammbaum.html?family=haus-tirwyn&mode=view";""
"Haus Tiwna O'Eiddon";"Eigenes Register";"Cenyr";"Cenyr · Silberinsel · Silberküste · Eiddon";"";"Illustration fehlt";"Stammbäume/Stammbaum.html?family=haus-tiwna&mode=view";""
"Haus Tlawd";"Eigenes Register";"Cenyr";"Cenyr · Celtigerns Wacht · Llamreis Ankunft · Gwynthor";"1";"Vorhanden";"Stammbäume/Stammbaum.html?family=haus-tlawd&mode=view";""
"Haus Tonnarth";"Eigenes Register";"Cenyr";"Cenyr · Celtigerns Wacht · Llamreis Ankunft · Gwynthor";"";"Illustration fehlt";"Stammbäume/Stammbaum.html?family=haus-tonnarth&mode=view";""
"Haus Torawg";"Eigenes Register";"Cenyr";"Cenyr · Klaueninsel · Sturmklaue · Talgarth";"";"Illustration fehlt";"Stammbäume/Stammbaum.html?family=haus-torawg&mode=view";""
"Haus Trachwyll";"Eigenes Register";"Aldrimar";"Aldrimar · Ivarsheim · Ivarsklamm · Ivarsfels";"";"Illustration fehlt";"Stammbäume/Stammbaum.html?family=haus-trachwyll&mode=view";""
"Haus Trachwyll O'Talfronwyn";"Eigenes Register";"Vennyr";"Vennyr · Tir Gogledd · Talfronwyn";"";"Illustration fehlt";"Stammbäume/Stammbaum.html?family=haus-trachwyll-talfronwyn&mode=view";""
"Haus Tréada";"Im Stammbaum erwähnt";"Nur im Stammbaum erwähnt";"Keine eigenständige Registerzuordnung";"";"Illustration fehlt";"Stammbäume/Stammbaum.html?family=haus-ard-trodach&mode=view";""
"Haus Trydar";"Eigenes Register";"Cenyr";"Cenyr · Celtigerns Wacht · Gwendolyns Ufer · Abergwint";"1";"Vorhanden";"Stammbäume/Stammbaum.html?family=haus-trydar&mode=view";""
"Haus Tuathánach";"Im Stammbaum erwähnt";"Nur im Stammbaum erwähnt";"Keine eigenständige Registerzuordnung";"";"Illustration fehlt";"Stammbäume/Stammbaum.html?family=haus-ui-rochraide&mode=view";""
"Haus Tullius";"Im Stammbaum erwähnt";"Nur im Stammbaum erwähnt";"Keine eigenständige Registerzuordnung";"";"Illustration fehlt";"Stammbäume/Stammbaum.html?family=haus-fir-an-tarvo&mode=view";""
"Haus Tylluan O'Penbryn";"Eigenes Register";"Cenyr";"Cenyr · Tal der Milane · Yvains Klamm · Penbryn";"";"Illustration fehlt";"Stammbäume/Stammbaum.html?family=haus-tylluan&mode=view";""
"Haus Tylwyth";"Im Stammbaum erwähnt";"Nur im Stammbaum erwähnt";"Keine eigenständige Registerzuordnung";"";"Illustration fehlt";"Stammbäume/Stammbaum.html?family=haus-wylan&mode=view";""
"Haus Udgorn";"Eigenes Register";"Vennyr";"Vennyr · Tir Gorllewin · Mynyddharbwr";"1";"Vorhanden";"Stammbäume/Stammbaum.html?family=haus-udgorn&mode=view";""
"Haus Uffyrn";"Eigenes Register";"Cenyr";"Cenyr · Sonnenküste · Gersteküste · Aberon";"";"Illustration fehlt";"Stammbäume/Stammbaum.html?family=haus-uffyrn&mode=view";""
"Haus Ui Cruithneacht";"Im Stammbaum erwähnt";"Nur im Stammbaum erwähnt";"Keine eigenständige Registerzuordnung";"";"Illustration fehlt";"Stammbäume/Stammbaum.html?family=haus-grawn&mode=view";""
"Haus Ui Talamh";"Eigenes Register";"Cenyr";"Cenyr · Celtigerns Wacht · Antike Crannath Clans · Antikes Gwynthor";"1";"Vorhanden";"Stammbäume/Stammbaum.html?family=haus-ui-talamh&mode=view";""
"Haus Uldyn";"Eigenes Register";"Cenyr";"Cenyr · Weidebucht · Melwas Au · Cerrigarth";"";"Illustration fehlt";"Stammbäume/Stammbaum.html?family=haus-uldyn&mode=view";""
"Haus Unigol O'Caer Marwor";"Eigenes Register";"Cenyr";"Cenyr · Klaueninsel · Frostklaue · Caer Marwor";"";"Illustration fehlt";"Stammbäume/Stammbaum.html?family=haus-unigol&mode=view";""
"Haus Urquhart";"Im Stammbaum erwähnt";"Nur im Stammbaum erwähnt";"Keine eigenständige Registerzuordnung";"";"Illustration fehlt";"Stammbäume/Stammbaum.html?family=haus-draig&mode=view";""
"Haus Vinicius";"Im Stammbaum erwähnt";"Nur im Stammbaum erwähnt";"Keine eigenständige Registerzuordnung";"";"Illustration fehlt";"Stammbäume/Stammbaum.html?family=haus-fir-an-tarvo&mode=view";""
"Haus von Hochreuth";"Eigenes Register";"Goldmund";"Goldmund · Unsortierte Häuser";"";"Illustration fehlt";"Stammbäume/Stammbaum.html?family=haus-von-hochreuth&mode=view";""
"Haus Walwrs O'Caer Deheuol";"Eigenes Register";"Cenyr";"Cenyr · Klaueninsel · Blutklaue · Blutsturz · Caer Deheuol";"";"Illustration fehlt";"Stammbäume/Stammbaum.html?family=haus-walwrs-caer-deheuol&mode=view";""
"Haus Walwrs O'Traeth";"Eigenes Register";"Vennyr";"Vennyr · Tir Mynddoedd · Traeth";"";"Illustration fehlt";"Stammbäume/Stammbaum.html?family=haus-walwrs&mode=view";""
"Haus Weinlaub";"Eigenes Register";"Weisenfluh";"Weisenfluh · Region Ewigensee · Ewigensee";"";"Illustration fehlt";"Stammbäume/Stammbaum.html?family=haus-weinlaub&mode=view";""
"Haus Weissmann";"Im Stammbaum erwähnt";"Nur im Stammbaum erwähnt";"Keine eigenständige Registerzuordnung";"";"Illustration fehlt";"Stammbäume/Stammbaum.html?family=haus-helgr&mode=view";""
"Haus wemyss";"Im Stammbaum erwähnt";"Nur im Stammbaum erwähnt";"Keine eigenständige Registerzuordnung";"1";"Vorhanden";"Stammbäume/Stammbaum.html?family=haus-gwenyen&mode=view";""
"Haus Windhüter";"Eigenes Register";"Aldrimar";"Aldrimar · Ivarsheim · Ausgestorbene Häuser · Aldrimarer (jüngst ausgestorben)";"";"Illustration fehlt";"Stammbäume/Stammbaum.html?family=haus-windhueter&mode=view";""
"Haus Witten";"Im Stammbaum erwähnt";"Nur im Stammbaum erwähnt";"Keine eigenständige Registerzuordnung";"";"Illustration fehlt";"Stammbäume/Stammbaum.html?family=haus-helgr&mode=view";""
"Haus Wivern O'Coedlyn";"Eigenes Register";"Cenyr";"Cenyr · Graue Weite · Eichenlicht · Coedlyn";"";"Illustration fehlt";"Stammbäume/Stammbaum.html?family=haus-wivern&mode=view";""
"Haus Wylan O'Cerrigarth";"Eigenes Register";"Cenyr";"Cenyr · Weidebucht · Melwas Au · Cerrigarth";"";"Illustration fehlt";"Stammbäume/Stammbaum.html?family=haus-wylan&mode=view";""
"Haus Wyrm";"Eigenes Register";"Cenyr";"Cenyr · Celtigerns Wacht · Llamreis Ankunft · Gwynthor";"1";"Vorhanden";"Stammbäume/Stammbaum.html?family=haus-wyrm&mode=view";""
"Haus Yllen";"Eigenes Register";"Cenyr";"Cenyr · Weidebucht · Melwas Au · Cerrigarth";"";"Illustration fehlt";"Stammbäume/Stammbaum.html?family=haus-yllen&mode=view";""
"Haus Ymladd";"Eigenes Register";"Cenyr";"Cenyr · Celtigerns Wacht · Gwendolyns Ufer · Abergwint";"1";"Vorhanden";"Stammbäume/Stammbaum.html?family=haus-ymladd&mode=view";""
"Haus Ynllym";"Eigenes Register";"Cenyr";"Cenyr · Vortigerns Ruh · Tanwens Flamme · Mathragon";"";"Illustration fehlt";"Stammbäume/Stammbaum.html?family=haus-ynllym&mode=view";""
"Haus Ysgrif";"Eigenes Register";"Cenyr";"Cenyr · Celtigerns Wacht · Llamreis Ankunft · Gwynthor";"";"Illustration fehlt";"Stammbäume/Stammbaum.html?family=haus-ysgrif&mode=view";""
"Königshaus Baldreska";"Im Stammbaum erwähnt";"Nur im Stammbaum erwähnt";"Keine eigenständige Registerzuordnung";"";"Illustration fehlt";"Stammbäume/Stammbaum.html?family=haus-frye&mode=view";""
"Mac Suileach";"Eigenes Register";"Leitheach";"Leitheach · Tir na Gortanna · Lochansail";"";"Illustration fehlt";"Stammbäume/Stammbaum.html?family=haus-suileach&mode=view";""
"Mallacht Seaghda";"Eigenes Register";"Ceitheach";"Ceitheach · Tir na Dorcha · Glaennmor";"1";"Vorhanden";"Stammbäume/Stammbaum.html?family=haus-seaghda&mode=view";""
"Marmue-Linie des Hauses Morforwyn";"Im Stammbaum erwähnt";"Nur im Stammbaum erwähnt";"Keine eigenständige Registerzuordnung";"";"Illustration fehlt";"Stammbäume/Stammbaum.html?family=haus-morforwyn&mode=view";""
"Morforwyn – Elimue-Linie";"Eigenes Register";"Cenyr";"Cenyr · Sonnenküste · Jungferntal · Carngol";"";"Illustration fehlt";"Stammbäume/Stammbaum.html?family=haus-morforwyn-linie-elimue&mode=view";""
"Morforwyn – Marmue-Linie";"Eigenes Register";"Cenyr";"Cenyr · Sonnenküste · Jungferntal · Carngol";"";"Illustration fehlt";"Stammbäume/Stammbaum.html?family=haus-morforwyn-linie-marmue&mode=view";""
"Nic Caoimhe";"Eigenes Register";"Leitheach";"Leitheach · Tir na Gortanna · Lochansail";"";"Illustration fehlt";"Stammbäume/Stammbaum.html?family=haus-nic-caoimhe&mode=view";""
"Nic’Blar · Leitheach";"Eigenes Register";"Leitheach";"Leitheach · Tir an Comhchuibhis · Sruthlann";"";"Illustration fehlt";"Stammbäume/Stammbaum.html?family=haus-nic-blar-leitheach&mode=view";""
"Ru’Gortach";"Eigenes Register";"Leitheach";"Leitheach · Tir na Tonn · Herrschaft der Ru’Gortach · Broch an Ear";"";"Illustration fehlt";"Stammbäume/Stammbaum.html?family=haus-gortach&mode=view";""
"Ruin Ua Laoch";"Eigenes Register";"Leitheach";"Leitheach · Tir na Sleagh";"";"Illustration fehlt";"Stammbäume/Stammbaum.html?family=haus-ruin-ua-laoch&mode=view";""
"Ruin’Laidir";"Eigenes Register";"Leitheach";"Leitheach · Tir an Comhchuibhis · Lehensherrschaft der Ruin’Laidir · Claisean";"";"Illustration fehlt";"Stammbäume/Stammbaum.html?family=haus-laidir&mode=view";""
"Sept Daire";"Eigenes Register";"Ceitheach";"Ceitheach · Tir na Dorcha · Tír na Droma · Tulachinis";"";"Illustration fehlt";"Stammbäume/Stammbaum.html?family=sept-daire&mode=view";""
"Sept Grünhand aus Leith";"Eigenes Register";"Leitheach";"Leitheach · Tir na Sinsear · Tir na Fancha · Broch an Coill";"";"Illustration fehlt";"Stammbäume/Stammbaum.html?family=haus-gruenhand&mode=view";""
"Sidhe Somhairle";"Eigenes Register";"Leitheach";"Leitheach · Tir na Gortanna · Herrschaft von Broch an Clais · Broch an Clais";"";"Illustration fehlt";"Stammbäume/Stammbaum.html?family=haus-somhairle&mode=view";""
"Stamm der Alben";"Im Stammbaum erwähnt";"Nur im Stammbaum erwähnt";"Keine eigenständige Registerzuordnung";"";"Illustration fehlt";"Stammbäume/Stammbaum.html?family=haus-blaidd&mode=view";""
"Tir an Craobhan";"Eigenes Register";"Ceitheach";"Ceitheach · Tir na Cruach · Carraigreach";"1";"Vorhanden";"Stammbäume/Stammbaum.html?family=haus-craobhan&mode=view";""
"Tir An Muirghin";"Eigenes Register";"Cenyr";"Cenyr · Silberinsel · Antike Crannath Clans";"";"Illustration fehlt";"Stammbäume/Stammbaum.html?family=haus-tir-an-muirghin&mode=view";""
"Tir An’Airgid";"Eigenes Register";"Leitheach";"Leitheach · Tir na Sruth · Lehensherrschaft der Tir An’Airgid · Cel Leagan";"";"Illustration fehlt";"Stammbäume/Stammbaum.html?family=haus-airgid&mode=view";""
"Tir An’Tordarroch";"Eigenes Register";"Ceitheach";"Ceitheach · Tir na Toraidh · Teorannach";"1";"Vorhanden";"Stammbäume/Stammbaum.html?family=haus-tir-an-tordarroch&mode=view";""
"Ua’Amhran";"Eigenes Register";"Leitheach";"Leitheach · Tir na Sruth · Ceanntire";"";"Illustration fehlt";"Stammbäume/Stammbaum.html?family=haus-amrhan&mode=view";""
"Ua’Choinnich";"Eigenes Register";"Leitheach";"Leitheach · Tir an Comhchuibhis · Sruthlann";"";"Illustration fehlt";"Stammbäume/Stammbaum.html?family=haus-choinnich&mode=view";""
"Ui Diulb";"Im Stammbaum erwähnt";"Nur im Stammbaum erwähnt";"Keine eigenständige Registerzuordnung";"";"Illustration fehlt";"Stammbäume/Stammbaum.html?family=haus-vaeren&mode=view";""
